Country,1990,1990_lower, 1990_upper, 1991,1991_lower, 1991_upper, 1992,1992_lower, 1992_upper, 1993,1993_lower, 1993_upper, 1994,1994_lower, 1994_upper, 1995,1995_lower, 1995_upper, 1996,1996_lower, 1996_upper, 1997,1997_lower, 1997_upper, 1998,1998_lower, 1998_upper, 1999,1999_lower, 1999_upper, 2000,2000_lower, 2000_upper, 2001,2001_lower, 2001_upper, 2002,2002_lower, 2002_upper, 2003,2003_lower, 2003_upper, 2004,2004_lower, 2004_upper, 2005,2005_lower, 2005_upper, 2006,2006_lower, 2006_upper, 2007,2007_lower, 2007_upper, 2008,2008_lower, 2008_upper, 2009,2009_lower, 2009_upper, 2010,2010_lower, 2010_upper, 2011,2011_lower, 2011_upper, 2012,2012_lower, 2012_upper, 2013,2013_lower, 2013_upper, 2014,2014_lower, 2014_upper, 2015,2015_lower, 2015_upper, 2016,2016_lower, 2016_upper, 2017,2017_lower, 2017_upper, 2018,2018_lower, 2018_upper, 2019,2019_lower, 2019_upper
Afghanistan,<100 ,<100 , <100,<100 ,<100 , <100,<100 ,<100 , <100,<100 ,<100 , <100,<100 ,<100 , <100,<100 ,<100 , <100,<100 ,<100 , <100,<100 ,<100 , <100,<100 ,<100 , <100,<100 ,<100 , <100,<100 ,<100 , <100,<100 ,<100 , <100,<100 ,<100 , <100,<100 ,<100 , <100,<100 ,<100 , <100,<100 ,<100 , <100,<100 ,<100 , <100,<100 ,<100 , <200,<100 ,<100 , <200,<100 ,<100 , <200,<100 ,<100 , <200,<100 ,<100 , <200,<100 ,<100 , <200,<100 ,<100 , <200,<100 ,<100 , <500,<100 ,<100 , <500,<100 ,<100 , <500,<100 ,<100 , <500,<200 ,<100 , <500,<200 ,<100 , <500
Albania,<100 ,<100 , <100,<100 ,<100 , <100,<100 ,<100 , <100,<100 ,<100 , <100,<100 ,<100 , <100,<100 ,<100 , <100,<100 ,<100 , <100,<100 ,<100 , <100,<100 ,<100 , <100,<100 ,<100 , <100,<100 ,<100 , <100,<100 ,<100 , <100,<100 ,<100 , <100,<100 ,<100 , <100,<100 ,<100 , <100,<100 ,<100 , <100,<100 ,<100 , <100,<100 ,<100 , <100,<100 ,<100 , <100,<100 ,<100 , <100,<100 ,<100 , <100,<100 ,<100 , <100,<100 ,<100 , <100,<100 ,<100 , <100,<100 ,<100 , <100,<100 ,<100 , <100,<100 ,<100 , <100,<100 ,<100 , <100,<100 ,<100 , <100,<100 ,<100 , <100
Algeria,<100 ,<100 , <100,<100 ,<100 , <100,<100 ,<100 , <100,<100 ,<100 , <100,<100 ,<100 , <100,<100 ,<100 , <100,<100 ,<100 , <100,<100 ,<100 , <100,<100 ,<100 , <100,<100 ,<100 , <100,<100 ,<100 , <100,<100 ,<100 , <100,<100 ,<100 , <100,<100 ,<100 , <100,<100 ,<100 , <100,<100 ,<100 , <100,<100 ,<100 , <100,<100 ,<100 , <100,<100 ,<100 , <100,<100 ,<100 , <200,<100 ,<100 , <100,<100 ,<100 , <100,<100 ,<100 , <100,<100 ,<100 , <100,<100 ,<100 , <100,<100 ,<100 , <100,<100 ,<100 , <100,<100 ,<100 , <100,<100 ,<100 , <200,<100 ,<100 , <200
Angola,<200 ,<100 , <500,<200 ,<100 , <500,<500 ,<200 , <1000,<500 ,<200 , <1000,<500 ,<500 , <1000,<1000 ,<500 , <1000,<1000 ,<500 , 1100,<1000 ,<500 , 1400,1000 ,<1000 , 1700,1300 ,<1000 , 2000,1500 ,<1000 , 2300,1800 ,1200 , 2700,2200 ,1500 , 3100,2500 ,1800 , 3600,3000 ,2100 , 4200,3400 ,2400 , 4600,3700 ,2800 , 5000,3500 ,2500 , 4800,3600 ,2600 , 4900,3900 ,2800 , 5200,4100 ,2900 , 5500,4300 ,3100 , 5700,4800 ,3400 , 6300,4900 ,3600 , 6500,4000 ,2800 , 5200,3600 ,2400 , 4700,3900 ,2600 , 5100,5000 ,3400 , 6400,6400 ,4400 , 8000,6500 ,4600 , 8200
Argentina,<100 ,<100 , <200,<100 ,<100 , <200,<200 ,<100 , <500,<200 ,<200 , <500,<500 ,<200 , <500,<500 ,<500 , <1000,<500 ,<500 , <1000,<1000 ,<500 , <1000,<1000 ,<500 , <1000,<500 ,<500 , <1000,<500 ,<500 , <500,<500 ,<500 , <500,<500 ,<500 , <500,<500 ,<500 , <1000,<500 ,<500 , <1000,<500 ,<500 , <1000,<500 ,<500 , <1000,<500 ,<500 , <1000,<500 ,<500 , <500,<500 ,<500 , <500,<500 ,<500 , <500,<500 ,<500 , <500,<500 ,<500 , <500,<500 ,<500 , <500,<500 ,<200 , <500,<500 ,<500 , <500,<500 ,<200 , <500,<500 ,<200 , <500,<500 ,<500 , <500,<500 ,<500 , <1000
Armenia,<100 ,<100 , <100,<100 ,<100 , <100,<100 ,<100 , <100,<100 ,<100 , <100,<100 ,<100 , <100,<100 ,<100 , <100,<100 ,<100 , <100,<100 ,<100 , <100,<100 ,<100 , <100,<100 ,<100 , <100,<100 ,<100 , <100,<100 ,<100 , <100,<100 ,<100 , <100,<100 ,<100 , <100,<100 ,<100 , <100,<100 ,<100 , <100,<100 ,<100 , <100,<100 ,<100 , <100,<100 ,<100 , <100,<100 ,<100 , <100,<100 ,<100 , <100,<100 ,<100 , <100,<100 ,<100 , <100,<100 ,<100 , <100,<100 ,<100 , <100,<100 ,<100 , <100,<100 ,<100 , <100,<100 ,<100 , <100,<100 ,<100 , <100,<100 ,<100 , <100
Australia,<100 ,<100 , <100,<100 ,<100 , <100,<100 ,<100 , <100,<100 ,<100 , <100,<100 ,<100 , <100,<100 ,<100 , <100,<100 ,<100 , <100,<100 ,<100 , <100,<100 ,<100 , <100,<100 ,<100 , <100,<100 ,<100 , <100,<100 ,<100 , <100,<100 ,<100 , <100,<100 ,<100 , <100,<100 ,<100 , <100,<100 ,<100 , <100,<100 ,<100 , <100,<100 ,<100 , <100,<100 ,<100 , <100,<100 ,<100 , <100,<100 ,<100 , <100,<100 ,<100 , <100,<100 ,<100 , <100,<100 ,<100 , <100,<100 ,<100 , <100,<100 ,<100 , <100,<100 ,<100 , <100,<100 ,<100 , <100,<100 ,<100 , <100,<100 ,<100 , <100
Austria,... ,... , ...,... ,... , ...,... ,... , ...,... ,... , ...,... ,... , ...,... ,... , ...,... ,... , ...,... ,... , ...,... ,... , ...,... ,... , ...,... ,... , ...,... ,... , ...,... ,... , ...,... ,... , ...,... ,... , ...,... ,... , ...,... ,... , ...,... ,... , ...,... ,... , ...,... ,... , ...,... ,... , ...,... ,... , ...,... ,... , ...,... ,... , ...,... ,... , ...,... ,... , ...,... ,... , ...,... ,... , ...,... ,... , ...,... ,... , ...
Azerbaijan,<100 ,<100 , <100,<100 ,<100 , <100,<100 ,<100 , <100,<100 ,<100 , <100,<100 ,<100 , <100,<100 ,<100 , <100,<100 ,<100 , <100,<100 ,<100 , <100,<100 ,<100 , <100,<100 ,<100 , <100,<100 ,<100 , <100,<100 ,<100 , <200,<100 ,<100 , <200,<100 ,<100 , <200,<200 ,<100 , <500,<200 ,<100 , <500,<200 ,<100 , <500,<200 ,<100 , <500,<200 ,<200 , <500,<200 ,<200 , <500,<500 ,<200 , <500,<500 ,<200 , <500,<500 ,<200 , <500,<500 ,<200 , <500,<500 ,<200 , <500,<200 ,<200 , <500,<200 ,<200 , <500,<200 ,<100 , <500,<200 ,<100 , <500,<200 ,<100 , <500
Bahamas,... ,... , ...,... ,... , ...,... ,... , ...,... ,... , ...,... ,... , ...,... ,... , ...,... ,... , ...,... ,... , ...,... ,... , ...,... ,... , ...,... ,... , ...,... ,... , ...,... ,... , ...,... ,... , ...,... ,... , ...,... ,... , ...,... ,... , ...,... ,... , ...,... ,... , ...,... ,... , ...,... ,... , ...,... ,... , ...,... ,... , ...,... ,... , ...,... ,... , ...,... ,... , ...,... ,... , ...,... ,... , ...,... ,... , ...,... ,... , ...
Bahrain,... ,... , ...,... ,... , ...,... ,... , ...,... ,... , ...,... ,... , ...,... ,... , ...,... ,... , ...,... ,... , ...,... ,... , ...,... ,... , ...,... ,... , ...,... ,... , ...,... ,... , ...,... ,... , ...,... ,... , ...,... ,... , ...,... ,... , ...,... ,... , ...,... ,... , ...,... ,... , ...,... ,... , ...,... ,... , ...,... ,... , ...,... ,... , ...,... ,... , ...,... ,... , ...,... ,... , ...,... ,... , ...,... ,... , ...,... ,... , ...
Bangladesh,... ,... , ...,... ,... , ...,... ,... , ...,... ,... , ...,... ,... , ...,... ,... , ...,... ,... , ...,... ,... , ...,... ,... , ...,... ,... , ...,... ,... , ...,... ,... , ...,... ,... , ...,... ,... , ...,... ,... , ...,... ,... , ...,... ,... , ...,... ,... , ...,... ,... , ...,... ,... , ...,... ,... , ...,... ,... , ...,... ,... , ...,... ,... , ...,... ,... , ...,... ,... , ...,... ,... , ...,... ,... , ...,... ,... , ...,... ,... , ...
Barbados,<100 ,<100 , <100,<100 ,<100 , <100,<100 ,<100 , <100,<100 ,<100 , <100,<100 ,<100 , <100,<100 ,<100 , <200,<100 ,<100 , <200,<100 ,<100 , <200,<200 ,<100 , <200,<200 ,<100 , <200,<200 ,<100 , <200,<200 ,<100 , <200,<200 ,<100 , <200,<100 ,<100 , <200,<100 ,<100 , <100,<100 ,<100 , <100,<100 ,<100 , <100,<100 ,<100 , <100,<100 ,<100 , <100,<100 ,<100 , <100,<100 ,<100 , <100,<100 ,<100 , <100,<100 ,<100 , <100,<100 ,<100 , <100,<100 ,<100 , <100,<100 ,<100 , <100,<100 ,<100 , <100,<100 ,<100 , <100,<100 ,<100 , <100,<100 ,<100 , <100
Belarus,<100 ,<100 , <100,<100 ,<100 , <100,<100 ,<100 , <100,<100 ,<100 , <100,<100 ,<100 , <100,<100 ,<100 , <100,<100 ,<100 , <100,<100 ,<100 , <100,<100 ,<100 , <100,<100 ,<100 , <100,<100 ,<100 , <100,<100 ,<100 , <100,<100 ,<100 , <100,<100 ,<100 , <100,<100 ,<100 , <100,<100 ,<100 , <100,<100 ,<100 , <100,<100 ,<100 , <100,<100 ,<100 , <100,<100 ,<100 , <200,<100 ,<100 , <200,<100 ,<100 , <100,<100 ,<100 , <200,<100 ,<100 , <200,<100 ,<100 , <200,<100 ,<100 , <200,<100 ,<100 , <200,<100 ,<100 , <200,<100 ,<100 , <200,<100 ,<100 , <100
Belgium,... ,... , ...,... ,... , ...,... ,... , ...,... ,... , ...,... ,... , ...,... ,... , ...,... ,... , ...,... ,... , ...,... ,... , ...,... ,... , ...,... ,... , ...,... ,... , ...,... ,... , ...,... ,... , ...,... ,... , ...,... ,... , ...,... ,... , ...,... ,... , ...,... ,... , ...,... ,... , ...,... ,... , ...,... ,... , ...,... ,... , ...,... ,... , ...,... ,... , ...,... ,... , ...,... ,... , ...,... ,... , ...,... ,... , ...,... ,... , ...
Belize,... ,... , ...,... ,... , ...,... ,... , ...,... ,... , ...,... ,... , ...,... ,... , ...,... ,... , ...,... ,... , ...,... ,... , ...,... ,... , ...,... ,... , ...,... ,... , ...,... ,... , ...,... ,... , ...,... ,... , ...,... ,... , ...,... ,... , ...,... ,... , ...,... ,... , ...,... ,... , ...,... ,... , ...,... ,... , ...,... ,... , ...,... ,... , ...,... ,... , ...,... ,... , ...,... ,... , ...,... ,... , ...,... ,... , ...,... ,... , ...
Benin,<100 ,<100 , <100,<100 ,<100 , <100,<100 ,<100 , <200,<100 ,<100 , <200,<200 ,<100 , <500,<500 ,<200 , <500,<500 ,<200 , <1000,<500 ,<500 , <1000,<1000 ,<500 , 1200,<1000 ,<500 , 1600,<1000 ,<500 , 1900,1100 ,<1000 , 2300,1300 ,<1000 , 2700,1500 ,<1000 , 3100,1700 ,<1000 , 3400,1800 ,<1000 , 3700,1900 ,<1000 , 3900,2000 ,<1000 , 4200,1800 ,<1000 , 3700,<1000 ,<500 , 1700,<1000 ,<500 , 1400,<1000 ,<500 , 1400,<1000 ,<500 , 1400,<1000 ,<500 , 1500,<1000 ,<500 , 1800,<1000 ,<500 , 2000,<1000 ,<500 , 1900,<1000 ,<500 , 1800,<1000 ,<500 , 1900,<1000 ,<500 , 1700
Bhutan,... ,... , ...,... ,... , ...,... ,... , ...,... ,... , ...,... ,... , ...,... ,... , ...,... ,... , ...,... ,... , ...,... ,... , ...,... ,... , ...,... ,... , ...,... ,... , ...,... ,... , ...,... ,... , ...,... ,... , ...,... ,... , ...,... ,... , ...,... ,... , ...,... ,... , ...,... ,... , ...,... ,... , ...,... ,... , ...,... ,... , ...,... ,... , ...,... ,... , ...,... ,... , ...,... ,... , ...,... ,... , ...,... ,... , ...,... ,... , ...
Bolivia (Plurinational State of),<100 ,<100 , <200,<200 ,<100 , <500,<200 ,<100 , <500,<200 ,<100 , <500,<500 ,<200 , <500,<500 ,<200 , <1000,<500 ,<200 , <1000,<500 ,<200 , <1000,<500 ,<500 , <1000,<500 ,<500 , <1000,<1000 ,<500 , <1000,<1000 ,<500 , <1000,<1000 ,<500 , <1000,<1000 ,<500 , <1000,<1000 ,<500 , <1000,<1000 ,<500 , <1000,<1000 ,<500 , <1000,<1000 ,<500 , <1000,<1000 ,<500 , <1000,<500 ,<500 , <1000,<500 ,<500 , <500,<500 ,<500 , <500,<500 ,<200 , <500,<200 ,<200 , <200,<200 ,<100 , <200,<100 ,<100 , <200,<100 ,<100 , <100,<100 ,<100 , <100,<100 ,<100 , <100,<100 ,<100 , <100
Bosnia and Herzegovina,... ,... , ...,... ,... , ...,... ,... , ...,... ,... , ...,... ,... , ...,... ,... , ...,... ,... , ...,... ,... , ...,... ,... , ...,... ,... , ...,... ,... , ...,... ,... , ...,... ,... , ...,... ,... , ...,... ,... , ...,... ,... , ...,... ,... , ...,... ,... , ...,... ,... , ...,... ,... , ...,... ,... , ...,... ,... , ...,... ,... , ...,... ,... , ...,... ,... , ...,... ,... , ...,... ,... , ...,... ,... , ...,... ,... , ...,... ,... , ...
Botswana,<500 ,<200 , <500,<500 ,<500 , <1000,<1000 ,<500 , <1000,1000 ,<1000 , 1500,1500 ,<1000 , 2100,2100 ,1400 , 2900,2800 ,1900 , 3800,3600 ,2600 , 4900,4500 ,3300 , 6000,5500 ,4100 , 7000,6400 ,4900 , 8100,7300 ,5800 , 9000,7800 ,6400 , 9400,7600 ,6300 , 8900,6500 ,5500 , 7500,4900 ,4200 , 5600,4100 ,3500 , 4600,3600 ,3100 , 4200,3400 ,2900 , 3900,3300 ,2900 , 3700,3100 ,2700 , 3400,2800 ,2500 , 3200,2600 ,2300 , 3000,2500 ,2100 , 2900,2200 ,1900 , 2600,2100 ,1800 , 2500,2200 ,1800 , 2600,2200 ,1800 , 2600,2200 ,1800 , 2700,2300 ,1900 , 2800
Brazil,... ,... , ...,... ,... , ...,... ,... , ...,... ,... , ...,... ,... , ...,... ,... , ...,... ,... , ...,... ,... , ...,... ,... , ...,... ,... , ...,... ,... , ...,... ,... , ...,... ,... , ...,... ,... , ...,... ,... , ...,... ,... , ...,... ,... , ...,... ,... , ...,... ,... , ...,... ,... , ...,... ,... , ...,... ,... , ...,... ,... , ...,... ,... , ...,... ,... , ...,... ,... , ...,... ,... , ...,... ,... , ...,... ,... , ...,... ,... , ...
Brunei Darussalam,... ,... , ...,... ,... , ...,... ,... , ...,... ,... , ...,... ,... , ...,... ,... , ...,... ,... , ...,... ,... , ...,... ,... , ...,... ,... , ...,... ,... , ...,... ,... , ...,... ,... , ...,... ,... , ...,... ,... , ...,... ,... , ...,... ,... , ...,... ,... , ...,... ,... , ...,... ,... , ...,... ,... , ...,... ,... , ...,... ,... , ...,... ,... , ...,... ,... , ...,... ,... , ...,... ,... , ...,... ,... , ...,... ,... , ...,... ,... , ...
Bulgaria,<100 ,<100 , <100,<100 ,<100 , <100,<100 ,<100 , <100,<100 ,<100 , <100,<100 ,<100 , <100,<100 ,<100 , <100,<100 ,<100 , <100,<100 ,<100 , <100,<100 ,<100 , <100,<100 ,<100 , <100,<100 ,<100 , <100,<100 ,<100 , <100,<100 ,<100 , <100,<100 ,<100 , <100,<100 ,<100 , <100,<100 ,<100 , <100,<100 ,<100 , <100,<100 ,<100 , <100,<100 ,<100 , <100,<100 ,<100 , <100,<100 ,<100 , <100,<100 ,<100 , <100,<100 ,<100 , <100,<100 ,<100 , <100,<100 ,<100 , <100,<100 ,<100 , <100,<100 ,<100 , <100,<100 ,<100 , <100,<100 ,<100 , <100,<100 ,<100 , <100
Burkina Faso,1200 ,<1000 , 2500,1600 ,<1000 , 3000,2000 ,1100 , 3600,2400 ,1300 , 4200,2900 ,1700 , 4700,3300 ,2000 , 5100,3700 ,2300 , 5300,4100 ,2700 , 5500,4400 ,3000 , 5700,4600 ,3300 , 5800,4700 ,3500 , 5800,4800 ,3800 , 5800,4900 ,4000 , 5800,4800 ,4000 , 5700,4300 ,3600 , 5100,3700 ,3100 , 4400,3000 ,2400 , 3700,2400 ,1900 , 3100,2300 ,1800 , 2900,1900 ,1500 , 2500,1700 ,1200 , 2300,1500 ,1100 , 2000,1200 ,<1000 , 1600,1000 ,<1000 , 1400,1000 ,<1000 , 1400,<1000 ,<1000 , 1300,<1000 ,<1000 , 1400,<1000 ,<1000 , 1300,<1000 ,<1000 , 1200,<1000 ,<1000 , 1100
Burundi,<1000 ,<500 , 2800,1300 ,<500 , 3200,1800 ,<1000 , 3700,2200 ,<1000 , 4200,2700 ,1200 , 4600,3100 ,1500 , 4900,3500 ,1800 , 5200,3700 ,2100 , 5200,3900 ,2500 , 5200,4100 ,2800 , 5100,4100 ,3100 , 5100,4200 ,3300 , 5000,4100 ,3300 , 4800,4100 ,3300 , 4800,3900 ,3200 , 4500,3300 ,2700 , 3900,3000 ,2400 , 3500,2800 ,2300 , 3400,2500 ,2000 , 3100,2200 ,1700 , 2700,1900 ,1500 , 2500,1600 ,1100 , 2100,1300 ,<1000 , 1800,1100 ,<1000 , 1500,<1000 ,<1000 , 1200,<1000 ,<1000 , 1100,<1000 ,<1000 , 1000,<1000 ,<1000 , <1000,<1000 ,<500 , <1000,<1000 ,<500 , <1000
Cabo Verde,<100 ,<100 , <100,<100 ,<100 , <100,<100 ,<100 , <100,<100 ,<100 , <100,<100 ,<100 , <100,<100 ,<100 , <100,<100 ,<100 , <100,<100 ,<100 , <100,<100 ,<100 , <100,<100 ,<100 , <100,<100 ,<100 , <100,<100 ,<100 , <100,<100 ,<100 , <100,<100 ,<100 , <100,<100 ,<100 , <100,<100 ,<100 , <100,<100 ,<100 , <100,<100 ,<100 , <100,<100 ,<100 , <100,<100 ,<100 , <100,<100 ,<100 , <100,<100 ,<100 , <100,<100 ,<100 , <100,<100 ,<100 , <100,<100 ,<100 , <100,<100 ,<100 , <100,<100 ,<100 , <100,<100 ,<100 , <100,<100 ,<100 , <100,<100 ,<100 , <100
Cambodia,<100 ,<100 , <100,<100 ,<100 , <100,<100 ,<100 , <100,<200 ,<100 , <200,<500 ,<200 , <500,<1000 ,<500 , <1000,<1000 ,<500 , 1200,1300 ,<1000 , 1800,1800 ,1100 , 2400,2300 ,1600 , 3000,2800 ,2100 , 3600,3300 ,2500 , 4000,3600 ,2900 , 4300,3600 ,3000 , 4300,3200 ,2700 , 3700,2600 ,2200 , 3000,2100 ,1700 , 2500,1800 ,1400 , 2200,1600 ,1200 , 2100,1500 ,1100 , 2000,1200 ,<1000 , 1700,<1000 ,<1000 , 1400,<1000 ,<1000 , 1300,<1000 ,<1000 , 1200,<1000 ,<1000 , 1300,<1000 ,<1000 , 1200,<1000 ,<500 , 1200,<1000 ,<500 , 1100,<1000 ,<500 , <1000,<1000 ,<500 , <1000
Cameroon,<500 ,<200 , <1000,<1000 ,<500 , <1000,<1000 ,<500 , 1200,1100 ,<1000 , 1700,1600 ,<1000 , 2300,2200 ,1300 , 3200,3000 ,1800 , 4200,3900 ,2500 , 5600,5100 ,3300 , 7200,6400 ,4300 , 8800,7900 ,5400 , 11 000,9500 ,6700 , 13 000,11 000 ,8000 , 15 000,13 000 ,9500 , 16 000,14 000 ,11 000 , 17 000,13 000 ,9800 , 16 000,12 000 ,9800 , 16 000,13 000 ,11 000 , 16 000,12 000 ,9900 , 14 000,12 000 ,9700 , 14 000,12 000 ,9600 , 13 000,12 000 ,10 000 , 13 000,12 000 ,10 000 , 13 000,10 000 ,8700 , 11 000,11 000 ,9800 , 12 000,12 000 ,11 000 , 13 000,11 000 ,9900 , 13 000,9700 ,8400 , 11 000,7700 ,6500 , 8700,6400 ,5300 , 7500
Canada,... ,... , ...,... ,... , ...,... ,... , ...,... ,... , ...,... ,... , ...,... ,... , ...,... ,... , ...,... ,... , ...,... ,... , ...,... ,... , ...,... ,... , ...,... ,... , ...,... ,... , ...,... ,... , ...,... ,... , ...,... ,... , ...,... ,... , ...,... ,... , ...,... ,... , ...,... ,... , ...,... ,... , ...,... ,... , ...,... ,... , ...,... ,... , ...,... ,... , ...,... ,... , ...,... ,... , ...,... ,... , ...,... ,... , ...,... ,... , ...
Central African Republic,<500 ,<200 , <500,<500 ,<500 , <1000,<1000 ,<500 , 1200,1100 ,<1000 , 1700,1500 ,<1000 , 2400,2000 ,1200 , 3100,2600 ,1600 , 3800,3100 ,2000 , 4500,3600 ,2400 , 5100,4100 ,2900 , 5700,4500 ,3200 , 6000,4800 ,3600 , 6300,5100 ,3800 , 6400,5200 ,4000 , 6500,5300 ,4200 , 6500,5400 ,4300 , 6500,5100 ,4100 , 6100,4700 ,3800 , 5600,4000 ,3300 , 4700,3100 ,2500 , 3800,3100 ,2500 , 3800,3200 ,2600 , 3900,3400 ,2800 , 4200,3300 ,2800 , 4100,3400 ,2700 , 4200,2600 ,2100 , 3300,2300 ,1800 , 2900,1600 ,1200 , 2200,1400 ,<1000 , 2000,1300 ,<1000 , 1900
Chad,<500 ,<200 , <1000,<500 ,<200 , <1000,<1000 ,<500 , 1100,<1000 ,<500 , 1400,<1000 ,<500 , 1800,1100 ,<1000 , 2100,1300 ,<1000 , 2400,1600 ,<1000 , 2700,1800 ,1100 , 2900,2100 ,1300 , 3200,2300 ,1500 , 3400,2500 ,1700 , 3600,2700 ,1900 , 3900,2800 ,2000 , 4000,2900 ,2100 , 4100,3000 ,2200 , 4000,2700 ,2000 , 3600,2100 ,1500 , 2800,1800 ,1400 , 2500,1200 ,<1000 , 1600,<1000 ,<1000 , 1300,<1000 ,<1000 , 1100,<1000 ,<500 , 1100,<1000 ,<500 , 1200,<1000 ,<1000 , 1300,<1000 ,<1000 , 1300,<1000 ,<1000 , 1100,<1000 ,<500 , 1100,<1000 ,<500 , 1300,<1000 ,<1000 , 1300
Chile,... ,... , ...,... ,... , ...,... ,... , ...,... ,... , ...,... ,... , ...,... ,... , ...,... ,... , ...,... ,... , ...,... ,... , ...,... ,... , ...,... ,... , ...,... ,... , ...,... ,... , ...,... ,... , ...,... ,... , ...,... ,... , ...,... ,... , ...,... ,... , ...,... ,... , ...,... ,... , ...,... ,... , ...,... ,... , ...,... ,... , ...,... ,... , ...,... ,... , ...,... ,... , ...,... ,... , ...,... ,... , ...,... ,... , ...,... ,... , ...
China,... ,... , ...,... ,... , ...,... ,... , ...,... ,... , ...,... ,... , ...,... ,... , ...,... ,... , ...,... ,... , ...,... ,... , ...,... ,... , ...,... ,... , ...,... ,... , ...,... ,... , ...,... ,... , ...,... ,... , ...,... ,... , ...,... ,... , ...,... ,... , ...,... ,... , ...,... ,... , ...,... ,... , ...,... ,... , ...,... ,... , ...,... ,... , ...,... ,... , ...,... ,... , ...,... ,... , ...,... ,... , ...,... ,... , ...,... ,... , ...
Colombia,<100 ,<100 , <1000,<200 ,<100 , <1000,<200 ,<100 , <1000,<500 ,<100 , <1000,<500 ,<100 , <1000,<1000 ,<200 , 1100,<1000 ,<200 , 1200,<1000 ,<500 , 1400,1100 ,<500 , 1600,1300 ,<1000 , 1700,1400 ,<1000 , 1900,1600 ,<1000 , 2100,1500 ,<1000 , 2000,1500 ,<1000 , 1900,1500 ,1000 , 1900,1500 ,1100 , 1800,1500 ,1200 , 1800,1100 ,<1000 , 1300,1000 ,<1000 , 1300,1300 ,1100 , 1700,1600 ,1300 , 2000,1300 ,1000 , 1600,<1000 ,<1000 , 1200,<1000 ,<1000 , 1100,<1000 ,<500 , 1000,<1000 ,<500 , <1000,<1000 ,<500 , <1000,<1000 ,<500 , <1000,<1000 ,<500 , 1300,<1000 ,<500 , 1500
Comoros,<100 ,<100 , <100,<100 ,<100 , <100,<100 ,<100 , <100,<100 ,<100 , <100,<100 ,<100 , <100,<100 ,<100 , <100,<100 ,<100 , <100,<100 ,<100 , <100,<100 ,<100 , <100,<100 ,<100 , <100,<100 ,<100 , <100,<100 ,<100 , <100,<100 ,<100 , <100,<100 ,<100 , <100,<100 ,<100 , <100,<100 ,<100 , <100,<100 ,<100 , <100,<100 ,<100 , <100,<100 ,<100 , <100,<100 ,<100 , <100,<100 ,<100 , <100,<100 ,<100 , <100,<100 ,<100 , <100,<100 ,<100 , <100,<100 ,<100 , <100,<100 ,<100 , <100,<100 ,<100 , <100,<100 ,<100 , <100,<100 ,<100 , <100,<100 ,<100 , <100
Congo,<500 ,<200 , <1000,<1000 ,<500 , <1000,<1000 ,<500 , 1200,1000 ,<1000 , 1600,1300 ,<1000 , 2000,1600 ,1100 , 2400,1900 ,1300 , 2700,2200 ,1500 , 3000,2400 ,1700 , 3300,2600 ,1900 , 3500,2800 ,2100 , 3600,3000 ,2300 , 3700,3100 ,2400 , 3800,3100 ,2500 , 3800,3200 ,2600 , 3800,3200 ,2700 , 3700,2800 ,2300 , 3300,2900 ,2400 , 3300,2700 ,2200 , 3100,2100 ,1700 , 2500,2000 ,1600 , 2400,2000 ,1600 , 2400,1700 ,1300 , 2100,2000 ,1500 , 2400,2000 ,1600 , 2500,2200 ,1700 , 2700,2000 ,1500 , 2500,2000 ,1400 , 2500,2100 ,1500 , 2800,2400 ,1600 , 3200
Costa Rica,<100 ,<100 , <100,<100 ,<100 , <100,<100 ,<100 , <100,<100 ,<100 , <100,<100 ,<100 , <100,<100 ,<100 , <100,<100 ,<100 , <100,<100 ,<100 , <100,<100 ,<100 , <100,<100 ,<100 , <100,<100 ,<100 , <100,<100 ,<100 , <100,<100 ,<100 , <100,<100 ,<100 , <100,<100 ,<100 , <100,<100 ,<100 , <100,<100 ,<100 , <100,<100 ,<100 , <100,<100 ,<100 , <100,<100 ,<100 , <100,<100 ,<100 , <100,<100 ,<100 , <100,<100 ,<100 , <100,<100 ,<100 , <200,<100 ,<100 , <200,<100 ,<100 , <200,<100 ,<100 , <200,<100 ,<100 , <100,<100 ,<100 , <200,<100 ,<100 , <100
Croatia,... ,... , ...,... ,... , ...,... ,... , ...,... ,... , ...,... ,... , ...,... ,... , ...,... ,... , ...,... ,... , ...,... ,... , ...,... ,... , ...,... ,... , ...,... ,... , ...,... ,... , ...,... ,... , ...,... ,... , ...,... ,... , ...,... ,... , ...,... ,... , ...,... ,... , ...,... ,... , ...,... ,... , ...,... ,... , ...,... ,... , ...,... ,... , ...,... ,... , ...,... ,... , ...,... ,... , ...,... ,... , ...,... ,... , ...,... ,... , ...
Cuba,<100 ,<100 , <100,<100 ,<100 , <100,<100 ,<100 , <100,<100 ,<100 , <100,<100 ,<100 , <100,<100 ,<100 , <100,<100 ,<100 , <100,<100 ,<100 , <100,<100 ,<100 , <100,<100 ,<100 , <100,<100 ,<100 , <100,<100 ,<100 , <100,<100 ,<100 , <100,<100 ,<100 , <100,<100 ,<100 , <100,<100 ,<100 , <100,<100 ,<100 , <100,<100 ,<100 , <100,<100 ,<100 , <100,<100 ,<100 , <100,<100 ,<100 , <100,<100 ,<100 , <100,<100 ,<100 , <200,<100 ,<100 , <200,<100 ,<100 , <200,<100 ,<100 , <200,<100 ,<100 , <200,<100 ,<100 , <200,<100 ,<100 , <200,<100 ,<100 , <200
Cyprus,... ,... , ...,... ,... , ...,... ,... , ...,... ,... , ...,... ,... , ...,... ,... , ...,... ,... , ...,... ,... , ...,... ,... , ...,... ,... , ...,... ,... , ...,... ,... , ...,... ,... , ...,... ,... , ...,... ,... , ...,... ,... , ...,... ,... , ...,... ,... , ...,... ,... , ...,... ,... , ...,... ,... , ...,... ,... , ...,... ,... , ...,... ,... , ...,... ,... , ...,... ,... , ...,... ,... , ...,... ,... , ...,... ,... , ...,... ,... , ...
Czechia,... ,... , ...,... ,... , ...,... ,... , ...,... ,... , ...,... ,... , ...,... ,... , ...,... ,... , ...,... ,... , ...,... ,... , ...,... ,... , ...,... ,... , ...,... ,... , ...,... ,... , ...,... ,... , ...,... ,... , ...,... ,... , ...,... ,... , ...,... ,... , ...,... ,... , ...,... ,... , ...,... ,... , ...,... ,... , ...,... ,... , ...,... ,... , ...,... ,... , ...,... ,... , ...,... ,... , ...,... ,... , ...,... ,... , ...,... ,... , ...
CÃ´te d'Ivoire,2500 ,1200 , 4700,3500 ,1800 , 6400,4800 ,2600 , 8200,6300 ,3600 , 10 000,8100 ,4800 , 13 000,10 000 ,6100 , 16 000,12 000 ,7800 , 18 000,14 000 ,9500 , 20 000,16 000 ,11 000 , 23 000,18 000 ,13 000 , 24 000,20 000 ,14 000 , 26 000,21 000 ,15 000 , 26 000,21 000 ,17 000 , 27 000,22 000 ,17 000 , 27 000,22 000 ,18 000 , 27 000,21 000 ,17 000 , 25 000,18 000 ,15 000 , 21 000,16 000 ,13 000 , 19 000,15 000 ,13 000 , 18 000,13 000 ,11 000 , 15 000,11 000 ,9300 , 14 000,12 000 ,9500 , 14 000,11 000 ,8900 , 13 000,11 000 ,8800 , 13 000,10 000 ,8600 , 13 000,9100 ,7500 , 11 000,8100 ,6600 , 10 000,7300 ,6000 , 8900,6300 ,5200 , 7700,5700 ,4700 , 7000
Democratic People's Republic of Korea,... ,... , ...,... ,... , ...,... ,... , ...,... ,... , ...,... ,... , ...,... ,... , ...,... ,... , ...,... ,... , ...,... ,... , ...,... ,... , ...,... ,... , ...,... ,... , ...,... ,... , ...,... ,... , ...,... ,... , ...,... ,... , ...,... ,... , ...,... ,... , ...,... ,... , ...,... ,... , ...,... ,... , ...,... ,... , ...,... ,... , ...,... ,... , ...,... ,... , ...,... ,... , ...,... ,... , ...,... ,... , ...,... ,... , ...,... ,... , ...
Democratic Republic of the Congo,5800 ,3800 , 8800,7200 ,4800 , 11 000,8900 ,6100 , 13 000,11 000 ,7400 , 15 000,13 000 ,8800 , 17 000,14 000 ,10 000 , 19 000,16 000 ,12 000 , 21 000,18 000 ,13 000 , 22 000,19 000 ,15 000 , 24 000,21 000 ,16 000 , 25 000,22 000 ,17 000 , 26 000,23 000 ,19 000 , 27 000,24 000 ,19 000 , 28 000,24 000 ,20 000 , 28 000,25 000 ,21 000 , 29 000,24 000 ,20 000 , 28 000,23 000 ,20 000 , 27 000,22 000 ,18 000 , 25 000,22 000 ,18 000 , 25 000,22 000 ,18 000 , 26 000,20 000 ,17 000 , 24 000,19 000 ,16 000 , 23 000,18 000 ,15 000 , 22 000,17 000 ,13 000 , 20 000,15 000 ,12 000 , 19 000,14 000 ,10 000 , 18 000,13 000 ,9500 , 17 000,11 000 ,8400 , 15 000,8400 ,6000 , 11 000,6800 ,4700 , 9200
Denmark,... ,... , ...,... ,... , ...,... ,... , ...,... ,... , ...,... ,... , ...,... ,... , ...,... ,... , ...,... ,... , ...,... ,... , ...,... ,... , ...,... ,... , ...,... ,... , ...,... ,... , ...,... ,... , ...,... ,... , ...,... ,... , ...,... ,... , ...,... ,... , ...,... ,... , ...,... ,... , ...,... ,... , ...,... ,... , ...,... ,... , ...,... ,... , ...,... ,... , ...,... ,... , ...,... ,... , ...,... ,... , ...,... ,... , ...,... ,... , ...
Djibouti,<100 ,<100 , <100,<100 ,<100 , <100,<100 ,<100 , <100,<100 ,<100 , <100,<100 ,<100 , <100,<100 ,<100 , <100,<100 ,<100 , <200,<100 ,<100 , <500,<200 ,<100 , <500,<200 ,<100 , <500,<500 ,<100 , <500,<500 ,<200 , <500,<500 ,<200 , <1000,<500 ,<200 , <1000,<500 ,<500 , <1000,<500 ,<500 , <1000,<500 ,<500 , <1000,<500 ,<500 , <1000,<500 ,<500 , <1000,<500 ,<500 , <1000,<500 ,<500 , <1000,<500 ,<500 , <1000,<500 ,<500 , <1000,<500 ,<500 , <1000,<500 ,<500 , <500,<500 ,<200 , <500,<500 ,<200 , <500,<500 ,<200 , <500,<200 ,<100 , <500,<200 ,<100 , <500
Dominican Republic,<500 ,<100 , <1000,<500 ,<200 , <1000,<1000 ,<500 , <1000,<1000 ,<500 , 1200,<1000 ,<500 , 1500,1100 ,<1000 , 1800,1400 ,<1000 , 2200,1700 ,1100 , 2500,1900 ,1300 , 2900,2200 ,1500 , 3200,2400 ,1700 , 3500,2600 ,1900 , 3700,2800 ,2000 , 3800,2900 ,2100 , 3900,3000 ,2200 , 4000,3000 ,2200 , 3900,2600 ,2000 , 3500,2300 ,1700 , 3100,1900 ,1400 , 2700,1700 ,1200 , 2400,1600 ,1100 , 2300,1400 ,1000 , 2000,1300 ,<1000 , 2000,1300 ,<1000 , 1900,1300 ,<1000 , 1900,1200 ,<1000 , 1700,1100 ,<1000 , 1600,1100 ,<1000 , 1500,<1000 ,<1000 , 1400,<1000 ,<1000 , 1300
Ecuador,<100 ,<100 , <500,<100 ,<100 , <500,<200 ,<100 , <500,<200 ,<100 , <500,<200 ,<100 , <500,<500 ,<100 , <500,<500 ,<100 , <500,<500 ,<100 , <500,<500 ,<200 , <1000,<500 ,<200 , <1000,<500 ,<200 , <1000,<500 ,<200 , <1000,<500 ,<500 , <1000,<500 ,<500 , <1000,<500 ,<500 , <1000,<500 ,<500 , <1000,<500 ,<500 , <1000,<500 ,<500 , <1000,<500 ,<500 , <1000,<500 ,<200 , <1000,<500 ,<200 , <1000,<500 ,<200 , <1000,<500 ,<200 , <1000,<500 ,<200 , <1000,<200 ,<100 , <500,<200 ,<100 , <500,<200 ,<100 , <500,<200 ,<100 , <500,<200 ,<100 , <500,<200 ,<100 , <500
Egypt,<100 ,<100 , <100,<100 ,<100 , <100,<100 ,<100 , <100,<100 ,<100 , <100,<100 ,<100 , <100,<100 ,<100 , <100,<100 ,<100 , <100,<100 ,<100 , <100,<100 ,<100 , <100,<100 ,<100 , <100,<100 ,<100 , <100,<100 ,<100 , <100,<100 ,<100 , <100,<100 ,<100 , <100,<100 ,<100 , <100,<100 ,<100 , <100,<100 ,<100 , <100,<100 ,<100 , <100,<100 ,<100 , <200,<100 ,<100 , <200,<100 ,<100 , <200,<100 ,<100 , <100,<100 ,<100 , <200,<100 ,<100 , <200,<100 ,<100 , <200,<100 ,<100 , <200,<100 ,<100 , <200,<100 ,<100 , <200,<100 ,<100 , <200,<100 ,<100 , <200
El Salvador,<100 ,<100 , <100,<100 ,<100 , <100,<100 ,<100 , <100,<100 ,<100 , <100,<100 ,<100 , <100,<100 ,<100 , <100,<100 ,<100 , <200,<200 ,<100 , <200,<200 ,<100 , <200,<200 ,<200 , <500,<200 ,<200 , <500,<500 ,<200 , <500,<500 ,<200 , <500,<500 ,<500 , <500,<500 ,<500 , <500,<500 ,<500 , <500,<500 ,<200 , <500,<500 ,<200 , <500,<200 ,<200 , <500,<200 ,<200 , <500,<200 ,<200 , <200,<200 ,<200 , <200,<200 ,<200 , <200,<200 ,<100 , <200,<200 ,<100 , <200,<200 ,<200 , <200,<200 ,<200 , <500,<500 ,<200 , <500,<500 ,<200 , <500,<500 ,<200 , <500
Equatorial Guinea,<100 ,<100 , <100,<100 ,<100 , <100,<100 ,<100 , <100,<100 ,<100 , <200,<100 ,<100 , <200,<100 ,<100 , <200,<200 ,<100 , <500,<200 ,<100 , <500,<200 ,<100 , <500,<500 ,<200 , <500,<500 ,<200 , <500,<500 ,<200 , <500,<500 ,<500 , <1000,<500 ,<500 , <1000,<500 ,<500 , <1000,<500 ,<500 , <1000,<500 ,<500 , <1000,<500 ,<500 , <1000,<500 ,<500 , <1000,<500 ,<500 , <1000,<1000 ,<500 , <1000,<1000 ,<500 , <1000,<1000 ,<500 , <1000,<1000 ,<500 , <1000,<500 ,<500 , <1000,<500 ,<200 , <500,<500 ,<500 , <1000,<500 ,<500 , <1000,<500 ,<500 , <1000,<500 ,<200 , <1000
Eritrea,<100 ,<100 , <200,<100 ,<100 , <200,<200 ,<100 , <500,<200 ,<100 , <500,<200 ,<100 , <500,<500 ,<100 , <500,<500 ,<200 , <500,<500 ,<200 , <500,<500 ,<200 , <1000,<500 ,<500 , <1000,<500 ,<500 , <1000,<1000 ,<500 , <1000,<1000 ,<500 , <1000,<1000 ,<500 , <1000,<1000 ,<1000 , <1000,<1000 ,<1000 , 1000,<1000 ,<500 , <1000,<1000 ,<500 , <1000,<500 ,<500 , <1000,<500 ,<200 , <500,<500 ,<200 , <500,<500 ,<200 , <500,<200 ,<200 , <500,<200 ,<100 , <500,<200 ,<100 , <500,<200 ,<100 , <500,<200 ,<100 , <500,<200 ,<100 , <500,<200 ,<100 , <500,<200 ,<100 , <500
Estonia,... ,... , ...,... ,... , ...,... ,... , ...,... ,... , ...,... ,... , ...,... ,... , ...,... ,... , ...,... ,... , ...,... ,... , ...,... ,... , ...,... ,... , ...,... ,... , ...,... ,... , ...,... ,... , ...,... ,... , ...,... ,... , ...,... ,... , ...,... ,... , ...,... ,... , ...,... ,... , ...,... ,... , ...,... ,... , ...,... ,... , ...,... ,... , ...,... ,... , ...,... ,... , ...,... ,... , ...,... ,... , ...,... ,... , ...,... ,... , ...
Eswatini,<100 ,<100 , <100,<100 ,<100 , <100,<100 ,<100 , <100,<200 ,<100 , <200,<500 ,<200 , <500,<500 ,<200 , <1000,<1000 ,<500 , <1000,<1000 ,<500 , 1200,1200 ,<1000 , 1700,1600 ,1000 , 2200,2000 ,1400 , 2700,2500 ,1700 , 3200,2800 ,2000 , 3500,3100 ,2300 , 3700,3400 ,2600 , 3900,3400 ,2700 , 3900,3000 ,2400 , 3400,2500 ,2000 , 2800,2000 ,1700 , 2300,1800 ,1500 , 2100,1700 ,1400 , 2000,1500 ,1300 , 1700,1300 ,1100 , 1500,1300 ,1100 , 1500,1300 ,1200 , 1500,1400 ,1200 , 1600,1400 ,1200 , 1600,1300 ,1100 , 1600,1300 ,1100 , 1600,1200 ,1000 , 1500
Ethiopia,3300 ,2000 , 5900,4900 ,2900 , 8700,6900 ,4100 , 12 000,9400 ,5600 , 17 000,12 000 ,7300 , 22 000,15 000 ,9200 , 28 000,19 000 ,11 000 , 34 000,22 000 ,13 000 , 39 000,25 000 ,15 000 , 45 000,27 000 ,16 000 , 49 000,30 000 ,18 000 , 53 000,31 000 ,19 000 , 56 000,32 000 ,19 000 , 58 000,33 000 ,20 000 , 59 000,33 000 ,19 000 , 58 000,30 000 ,18 000 , 54 000,27 000 ,16 000 , 48 000,20 000 ,12 000 , 37 000,15 000 ,8900 , 27 000,12 000 ,7000 , 21 000,9700 ,5800 , 17 000,8300 ,5000 , 15 000,7400 ,4400 , 13 000,7200 ,4300 , 13 000,7200 ,4300 , 13 000,6900 ,4100 , 12 000,6400 ,3800 , 11 000,5700 ,3400 , 10 000,5500 ,3300 , 9900,5600 ,3300 , 10 000
Fiji,<100 ,<100 , <100,<100 ,<100 , <100,<100 ,<100 , <100,<100 ,<100 , <100,<100 ,<100 , <100,<100 ,<100 , <100,<100 ,<100 , <100,<100 ,<100 , <100,<100 ,<100 , <100,<100 ,<100 , <100,<100 ,<100 , <100,<100 ,<100 , <100,<100 ,<100 , <100,<100 ,<100 , <100,<100 ,<100 , <100,<100 ,<100 , <100,<100 ,<100 , <100,<100 ,<100 , <100,<100 ,<100 , <100,<100 ,<100 , <100,<100 ,<100 , <100,<100 ,<100 , <100,<100 ,<100 , <100,<100 ,<100 , <100,<100 ,<100 , <100,<100 ,<100 , <100,<100 ,<100 , <100,<100 ,<100 , <100,<100 ,<100 , <100,<100 ,<100 , <100
Finland,... ,... , ...,... ,... , ...,... ,... , ...,... ,... , ...,... ,... , ...,... ,... , ...,... ,... , ...,... ,... , ...,... ,... , ...,... ,... , ...,... ,... , ...,... ,... , ...,... ,... , ...,... ,... , ...,... ,... , ...,... ,... , ...,... ,... , ...,... ,... , ...,... ,... , ...,... ,... , ...,... ,... , ...,... ,... , ...,... ,... , ...,... ,... , ...,... ,... , ...,... ,... , ...,... ,... , ...,... ,... , ...,... ,... , ...,... ,... , ...
France,... ,... , ...,... ,... , ...,... ,... , ...,... ,... , ...,... ,... , ...,... ,... , ...,... ,... , ...,... ,... , ...,... ,... , ...,... ,... , ...,... ,... , ...,... ,... , ...,... ,... , ...,... ,... , ...,... ,... , ...,... ,... , ...,... ,... , ...,... ,... , ...,... ,... , ...,... ,... , ...,... ,... , ...,... ,... , ...,... ,... , ...,... ,... , ...,... ,... , ...,... ,... , ...,... ,... , ...,... ,... , ...,... ,... , ...,... ,... , ...
Gabon,<100 ,<100 , <200,<100 ,<100 , <200,<200 ,<100 , <200,<200 ,<100 , <500,<200 ,<100 , <500,<500 ,<200 , <500,<500 ,<200 , <1000,<500 ,<500 , <1000,<1000 ,<500 , <1000,<1000 ,<500 , 1100,<1000 ,<500 , 1200,<1000 ,<1000 , 1400,1000 ,<1000 , 1500,1100 ,<1000 , 1600,1100 ,<1000 , 1600,<1000 ,<1000 , 1400,<1000 ,<500 , 1100,<1000 ,<500 , 1200,<1000 ,<1000 , 1300,<1000 ,<1000 , 1300,<1000 ,<1000 , 1300,<1000 ,<1000 , 1400,<1000 ,<1000 , 1300,<1000 ,<1000 , <1000,<1000 ,<500 , <1000,<1000 ,<500 , <1000,<1000 ,<500 , <1000,<1000 ,<500 , <1000,<1000 ,<500 , <1000,<1000 ,<500 , <1000
Gambia,<100 ,<100 , <100,<100 ,<100 , <100,<100 ,<100 , <100,<100 ,<100 , <100,<100 ,<100 , <100,<100 ,<100 , <100,<100 ,<100 , <100,<100 ,<100 , <200,<100 ,<100 , <200,<200 ,<100 , <200,<200 ,<100 , <500,<200 ,<200 , <500,<500 ,<200 , <500,<500 ,<200 , <500,<500 ,<500 , <1000,<500 ,<500 , <1000,<500 ,<500 , <1000,<500 ,<500 , <1000,<500 ,<500 , <1000,<500 ,<500 , <1000,<500 ,<500 , <1000,<500 ,<500 , <1000,<500 ,<200 , <500,<500 ,<200 , <500,<500 ,<200 , <1000,<500 ,<500 , <1000,<500 ,<500 , <1000,<500 ,<500 , <1000,<500 ,<500 , <1000,<500 ,<500 , <1000
Georgia,<100 ,<100 , <100,<100 ,<100 , <100,<100 ,<100 , <100,<100 ,<100 , <100,<100 ,<100 , <100,<100 ,<100 , <100,<100 ,<100 , <100,<100 ,<100 , <100,<100 ,<100 , <100,<100 ,<100 , <100,<100 ,<100 , <100,<100 ,<100 , <100,<100 ,<100 , <100,<100 ,<100 , <100,<100 ,<100 , <100,<100 ,<100 , <100,<100 ,<100 , <100,<100 ,<100 , <100,<100 ,<100 , <100,<100 ,<100 , <100,<100 ,<100 , <100,<100 ,<100 , <100,<100 ,<100 , <100,<100 ,<100 , <100,<100 ,<100 , <100,<100 ,<100 , <100,<100 ,<100 , <100,<100 ,<100 , <100,<100 ,<100 , <100,<100 ,<100 , <100
Germany,... ,... , ...,... ,... , ...,... ,... , ...,... ,... , ...,... ,... , ...,... ,... , ...,... ,... , ...,... ,... , ...,... ,... , ...,... ,... , ...,... ,... , ...,... ,... , ...,... ,... , ...,... ,... , ...,... ,... , ...,... ,... , ...,... ,... , ...,... ,... , ...,... ,... , ...,... ,... , ...,... ,... , ...,... ,... , ...,... ,... , ...,... ,... , ...,... ,... , ...,... ,... , ...,... ,... , ...,... ,... , ...,... ,... , ...,... ,... , ...
Ghana,1400 ,<1000 , 2800,1800 ,<1000 , 3500,2300 ,1200 , 4300,2900 ,1600 , 5000,3500 ,2100 , 5900,4200 ,2600 , 6700,5000 ,3200 , 7500,5800 ,3800 , 8500,6600 ,4500 , 9300,7300 ,5200 , 10 000,8100 ,5800 , 11 000,8700 ,6400 , 11 000,9400 ,7000 , 12 000,9900 ,7500 , 12 000,10 000 ,7800 , 12 000,10 000 ,7800 , 12 000,10 000 ,7800 , 12 000,9800 ,7700 , 12 000,9200 ,7300 , 11 000,8300 ,6500 , 9700,7800 ,6000 , 9300,7100 ,5500 , 8700,5700 ,4300 , 7200,5300 ,3800 , 6900,5600 ,3900 , 7500,5800 ,3900 , 8000,5600 ,3700 , 7900,5500 ,3600 , 7900,5500 ,3400 , 8100,5200 ,3100 , 8000
Greece,... ,... , ...,... ,... , ...,... ,... , ...,... ,... , ...,... ,... , ...,... ,... , ...,... ,... , ...,... ,... , ...,... ,... , ...,... ,... , ...,... ,... , ...,... ,... , ...,... ,... , ...,... ,... , ...,... ,... , ...,... ,... , ...,... ,... , ...,... ,... , ...,... ,... , ...,... ,... , ...,... ,... , ...,... ,... , ...,... ,... , ...,... ,... , ...,... ,... , ...,... ,... , ...,... ,... , ...,... ,... , ...,... ,... , ...,... ,... , ...
Guatemala,<100 ,<100 , <200,<100 ,<100 , <200,<100 ,<100 , <200,<200 ,<100 , <500,<200 ,<100 , <500,<200 ,<100 , <500,<500 ,<200 , <500,<500 ,<200 , <500,<500 ,<200 , <500,<500 ,<500 , <1000,<500 ,<500 , <1000,<500 ,<500 , <1000,<500 ,<500 , <1000,<1000 ,<500 , <1000,<500 ,<500 , <1000,<500 ,<500 , <1000,<500 ,<500 , <1000,<500 ,<500 , <1000,<500 ,<500 , <500,<500 ,<200 , <500,<500 ,<200 , <500,<500 ,<200 , <500,<500 ,<200 , <500,<500 ,<200 , <500,<500 ,<200 , <500,<500 ,<500 , <1000,<500 ,<500 , <1000,<1000 ,<500 , <1000,<1000 ,<500 , <1000,<1000 ,<500 , <1000
Guinea,<500 ,<200 , <1000,<500 ,<200 , <1000,<500 ,<500 , <1000,<1000 ,<500 , 1200,<1000 ,<500 , 1400,<1000 ,<1000 , 1700,1200 ,<1000 , 2000,1500 ,<1000 , 2300,1700 ,1100 , 2500,2000 ,1200 , 2800,2200 ,1400 , 3100,2400 ,1600 , 3400,2600 ,1800 , 3600,2800 ,2000 , 3800,3000 ,2100 , 3900,3100 ,2300 , 4000,2900 ,2200 , 3800,2500 ,1900 , 3300,2600 ,1900 , 3400,2200 ,1600 , 2900,1800 ,1300 , 2400,1600 ,1200 , 2200,1600 ,1100 , 2100,1300 ,<1000 , 1800,1400 ,<1000 , 1900,1400 ,<1000 , 2000,1600 ,1100 , 2200,1700 ,1200 , 2300,1900 ,1300 , 2500,1500 ,1100 , 2000
Guinea-Bissau,<100 ,<100 , <100,<100 ,<100 , <100,<100 ,<100 , <100,<100 ,<100 , <100,<100 ,<100 , <100,<100 ,<100 , <100,<100 ,<100 , <200,<200 ,<100 , <200,<200 ,<200 , <500,<500 ,<200 , <500,<500 ,<500 , <500,<500 ,<500 , <1000,<1000 ,<500 , <1000,<1000 ,<500 , <1000,<1000 ,<1000 , <1000,<1000 ,<1000 , 1100,<1000 ,<1000 , 1200,<1000 ,<1000 , 1200,<1000 ,<1000 , 1100,<1000 ,<1000 , <1000,<1000 ,<1000 , <1000,<1000 ,<1000 , <1000,<1000 ,<1000 , <1000,<1000 ,<500 , <1000,<1000 ,<500 , <1000,<1000 ,<500 , <1000,<1000 ,<500 , <1000,<1000 ,<500 , <1000,<1000 ,<500 , <1000,<500 ,<500 , <1000
Guyana,<100 ,<100 , <100,<100 ,<100 , <100,<100 ,<100 , <100,<100 ,<100 , <100,<100 ,<100 , <100,<100 ,<100 , <100,<100 ,<100 , <100,<100 ,<100 , <100,<100 ,<100 , <100,<100 ,<100 , <100,<100 ,<100 , <100,<100 ,<100 , <100,<100 ,<100 , <100,<100 ,<100 , <100,<100 ,<100 , <100,<100 ,<100 , <100,<100 ,<100 , <100,<100 ,<100 , <100,<100 ,<100 , <100,<100 ,<100 , <100,<100 ,<100 , <100,<100 ,<100 , <100,<100 ,<100 , <100,<100 ,<100 , <100,<100 ,<100 , <100,<100 ,<100 , <100,<100 ,<100 , <100,<100 ,<100 , <100,<100 ,<100 , <100,<100 ,<100 , <100
Haiti,<1000 ,<500 , 1200,1000 ,<1000 , 1600,1400 ,<1000 , 2100,1700 ,1000 , 2600,2200 ,1300 , 3200,2600 ,1700 , 3700,3000 ,2000 , 4100,3400 ,2400 , 4500,3800 ,2800 , 4900,4100 ,3200 , 5200,4400 ,3500 , 5400,4600 ,3700 , 5500,4700 ,3800 , 5600,4700 ,3900 , 5600,4700 ,4000 , 5600,4600 ,4000 , 5400,4100 ,3500 , 4700,3100 ,2700 , 3700,2600 ,2200 , 3100,2200 ,1800 , 2700,2000 ,1600 , 2400,2100 ,1700 , 2600,2100 ,1800 , 2600,1800 ,1500 , 2200,1500 ,1200 , 1800,1400 ,1100 , 1700,1300 ,1000 , 1600,1100 ,<1000 , 1400,<1000 ,<1000 , 1200,<1000 ,<1000 , 1200
Honduras,<100 ,<100 , <200,<200 ,<100 , <500,<200 ,<200 , <500,<500 ,<200 , <500,<500 ,<200 , <500,<500 ,<500 , <1000,<500 ,<500 , <1000,<500 ,<500 , <1000,<1000 ,<500 , <1000,<1000 ,<500 , <1000,<1000 ,<500 , <1000,<1000 ,<1000 , <1000,<1000 ,<1000 , <1000,<1000 ,<500 , <1000,<500 ,<500 , <500,<500 ,<500 , <500,<500 ,<500 , <500,<500 ,<500 , <500,<500 ,<200 , <500,<500 ,<200 , <500,<500 ,<200 , <500,<500 ,<200 , <500,<500 ,<200 , <500,<500 ,<200 , <500,<500 ,<200 , <500,<500 ,<200 , <500,<500 ,<200 , <500,<500 ,<200 , <500,<500 ,<200 , <500,<500 ,<200 , <500
Hungary,... ,... , ...,... ,... , ...,... ,... , ...,... ,... , ...,... ,... , ...,... ,... , ...,... ,... , ...,... ,... , ...,... ,... , ...,... ,... , ...,... ,... , ...,... ,... , ...,... ,... , ...,... ,... , ...,... ,... , ...,... ,... , ...,... ,... , ...,... ,... , ...,... ,... , ...,... ,... , ...,... ,... , ...,... ,... , ...,... ,... , ...,... ,... , ...,... ,... , ...,... ,... , ...,... ,... , ...,... ,... , ...,... ,... , ...,... ,... , ...
Iceland,... ,... , ...,... ,... , ...,... ,... , ...,... ,... , ...,... ,... , ...,... ,... , ...,... ,... , ...,... ,... , ...,... ,... , ...,... ,... , ...,... ,... , ...,... ,... , ...,... ,... , ...,... ,... , ...,... ,... , ...,... ,... , ...,... ,... , ...,... ,... , ...,... ,... , ...,... ,... , ...,... ,... , ...,... ,... , ...,... ,... , ...,... ,... , ...,... ,... , ...,... ,... , ...,... ,... , ...,... ,... , ...,... ,... , ...,... ,... , ...
India,... ,... , ...,... ,... , ...,... ,... , ...,... ,... , ...,... ,... , ...,... ,... , ...,... ,... , ...,... ,... , ...,... ,... , ...,... ,... , ...,... ,... , ...,... ,... , ...,... ,... , ...,... ,... , ...,... ,... , ...,... ,... , ...,... ,... , ...,... ,... , ...,... ,... , ...,... ,... , ...,... ,... , ...,... ,... , ...,... ,... , ...,... ,... , ...,... ,... , ...,... ,... , ...,... ,... , ...,... ,... , ...,... ,... , ...,... ,... , ...
Indonesia,... ,... , ...,... ,... , ...,... ,... , ...,... ,... , ...,... ,... , ...,... ,... , ...,... ,... , ...,... ,... , ...,... ,... , ...,... ,... , ...,... ,... , ...,... ,... , ...,... ,... , ...,... ,... , ...,... ,... , ...,... ,... , ...,... ,... , ...,... ,... , ...,... ,... , ...,... ,... , ...,... ,... , ...,... ,... , ...,... ,... , ...,... ,... , ...,... ,... , ...,... ,... , ...,... ,... , ...,... ,... , ...,... ,... , ...,... ,... , ...
Iran (Islamic Republic of),<100 ,<100 , <500,<100 ,<100 , <500,<100 ,<100 , <500,<100 ,<100 , <500,<100 ,<100 , <500,<100 ,<100 , <500,<100 ,<100 , <1000,<100 ,<100 , <500,<200 ,<100 , <1000,<200 ,<100 , <1000,<200 ,<100 , <1000,<200 ,<100 , <1000,<500 ,<100 , <1000,<500 ,<200 , <1000,<500 ,<200 , <1000,<500 ,<200 , <1000,<500 ,<200 , <1000,<500 ,<500 , <1000,<500 ,<500 , <1000,<500 ,<500 , <1000,<500 ,<500 , <1000,<500 ,<500 , <1000,<500 ,<500 , <1000,<500 ,<500 , <1000,<500 ,<500 , <1000,<500 ,<500 , <1000,<500 ,<500 , <1000,<500 ,<500 , <1000,<500 ,<500 , <1000,<500 ,<500 , 1000
Ireland,<100 ,<100 , <100,<100 ,<100 , <100,<100 ,<100 , <100,<100 ,<100 , <100,<100 ,<100 , <100,<100 ,<100 , <100,<100 ,<100 , <100,<100 ,<100 , <100,<100 ,<100 , <100,<100 ,<100 , <100,<100 ,<100 , <100,<100 ,<100 , <100,<100 ,<100 , <100,<100 ,<100 , <100,<100 ,<100 , <100,<100 ,<100 , <100,<100 ,<100 , <100,<100 ,<100 , <100,<100 ,<100 , <100,<100 ,<100 , <100,<100 ,<100 , <100,<100 ,<100 , <100,<100 ,<100 , <100,<100 ,<100 , <100,<100 ,<100 , <100,<100 ,<100 , <100,<100 ,<100 , <100,<100 ,<100 , <100,<100 ,<100 , <100,<100 ,<100 , <100
Israel,... ,... , ...,... ,... , ...,... ,... , ...,... ,... , ...,... ,... , ...,... ,... , ...,... ,... , ...,... ,... , ...,... ,... , ...,... ,... , ...,... ,... , ...,... ,... , ...,... ,... , ...,... ,... , ...,... ,... , ...,... ,... , ...,... ,... , ...,... ,... , ...,... ,... , ...,... ,... , ...,... ,... , ...,... ,... , ...,... ,... , ...,... ,... , ...,... ,... , ...,... ,... , ...,... ,... , ...,... ,... , ...,... ,... , ...,... ,... , ...
Italy,<1000 ,<500 , <1000,<1000 ,<1000 , <1000,<1000 ,<1000 , <1000,<1000 ,<1000 , 1000,<1000 ,<1000 , 1100,1000 ,<1000 , 1200,1000 ,<1000 , 1200,<1000 ,<1000 , <1000,<500 ,<500 , <1000,<500 ,<500 , <500,<500 ,<200 , <500,<500 ,<200 , <500,<500 ,<200 , <500,<500 ,<200 , <500,<500 ,<500 , <500,<500 ,<500 , <500,<500 ,<500 , <500,<500 ,<500 , <1000,<500 ,<500 , <1000,<500 ,<200 , <500,<500 ,<200 , <500,<500 ,<200 , <500,<500 ,<200 , <500,<200 ,<200 , <500,<200 ,<200 , <500,<200 ,<200 , <500,<200 ,<200 , <500,<200 ,<200 , <500,<200 ,<100 , <500,<200 ,<100 , <500
Jamaica,<100 ,<100 , <200,<100 ,<100 , <500,<200 ,<100 , <500,<200 ,<100 , <500,<500 ,<100 , <500,<500 ,<200 , <500,<500 ,<200 , <1000,<500 ,<500 , <1000,<500 ,<500 , <1000,<500 ,<500 , <1000,<1000 ,<500 , <1000,<1000 ,<500 , <1000,<1000 ,<500 , <1000,<1000 ,<500 , <1000,<1000 ,<1000 , <1000,<1000 ,<500 , <1000,<500 ,<500 , <1000,<500 ,<500 , <1000,<500 ,<500 , <1000,<500 ,<200 , <500,<500 ,<200 , <500,<500 ,<200 , <500,<500 ,<200 , <500,<500 ,<200 , <500,<200 ,<100 , <500,<200 ,<100 , <500,<200 ,<100 , <500,<200 ,<100 , <500,<200 ,<100 , <500,<200 ,<100 , <500
Japan,... ,... , ...,... ,... , ...,... ,... , ...,... ,... , ...,... ,... , ...,... ,... , ...,... ,... , ...,... ,... , ...,... ,... , ...,... ,... , ...,... ,... , ...,... ,... , ...,... ,... , ...,... ,... , ...,... ,... , ...,... ,... , ...,... ,... , ...,... ,... , ...,... ,... , ...,... ,... , ...,... ,... , ...,... ,... , ...,... ,... , ...,... ,... , ...,... ,... , ...,... ,... , ...,... ,... , ...,... ,... , ...,... ,... , ...,... ,... , ...
Jordan,... ,... , ...,... ,... , ...,... ,... , ...,... ,... , ...,... ,... , ...,... ,... , ...,... ,... , ...,... ,... , ...,... ,... , ...,... ,... , ...,... ,... , ...,... ,... , ...,... ,... , ...,... ,... , ...,... ,... , ...,... ,... , ...,... ,... , ...,... ,... , ...,... ,... , ...,... ,... , ...,... ,... , ...,... ,... , ...,... ,... , ...,... ,... , ...,... ,... , ...,... ,... , ...,... ,... , ...,... ,... , ...,... ,... , ...,... ,... , ...
Kazakhstan,<100 ,<100 , <100,<100 ,<100 , <100,<100 ,<100 , <100,<100 ,<100 , <100,<100 ,<100 , <100,<100 ,<100 , <100,<100 ,<100 , <100,<100 ,<100 , <100,<100 ,<100 , <100,<100 ,<100 , <100,<100 ,<100 , <100,<100 ,<100 , <200,<100 ,<100 , <200,<100 ,<100 , <200,<100 ,<100 , <200,<100 ,<100 , <200,<100 ,<100 , <200,<100 ,<100 , <200,<200 ,<100 , <200,<200 ,<200 , <200,<200 ,<200 , <200,<200 ,<200 , <500,<200 ,<200 , <500,<200 ,<200 , <200,<200 ,<200 , <200,<200 ,<200 , <200,<200 ,<100 , <200,<200 ,<100 , <200,<200 ,<100 , <200,<100 ,<100 , <100
Kenya,3600 ,2700 , 5300,5500 ,4200 , 8100,8100 ,6100 , 12 000,11 000 ,8600 , 17 000,15 000 ,12 000 , 23 000,20 000 ,15 000 , 30 000,26 000 ,19 000 , 38 000,31 000 ,24 000 , 46 000,37 000 ,28 000 , 54 000,42 000 ,32 000 , 62 000,47 000 ,35 000 , 69 000,51 000 ,38 000 , 74 000,54 000 ,41 000 , 79 000,56 000 ,42 000 , 82 000,56 000 ,43 000 , 83 000,50 000 ,38 000 , 74 000,44 000 ,33 000 , 65 000,35 000 ,26 000 , 51 000,30 000 ,23 000 , 45 000,26 000 ,20 000 , 38 000,22 000 ,17 000 , 32 000,19 000 ,14 000 , 28 000,15 000 ,11 000 , 22 000,12 000 ,9300 , 18 000,12 000 ,8800 , 17 000,11 000 ,8400 , 16 000,10 000 ,7700 , 15 000,9200 ,7000 , 14 000,8300 ,6200 , 12 000,7300 ,5500 , 11 000
Kuwait,... ,... , ...,... ,... , ...,... ,... , ...,... ,... , ...,... ,... , ...,... ,... , ...,... ,... , ...,... ,... , ...,... ,... , ...,... ,... , ...,... ,... , ...,... ,... , ...,... ,... , ...,... ,... , ...,... ,... , ...,... ,... , ...,... ,... , ...,... ,... , ...,... ,... , ...,... ,... , ...,... ,... , ...,... ,... , ...,... ,... , ...,... ,... , ...,... ,... , ...,... ,... , ...,... ,... , ...,... ,... , ...,... ,... , ...,... ,... , ...
Kyrgyzstan,<100 ,<100 , <100,<100 ,<100 , <100,<100 ,<100 , <100,<100 ,<100 , <100,<100 ,<100 , <100,<100 ,<100 , <100,<100 ,<100 , <100,<100 ,<100 , <100,<100 ,<100 , <100,<100 ,<100 , <100,<100 ,<100 , <100,<100 ,<100 , <100,<100 ,<100 , <100,<100 ,<100 , <100,<100 ,<100 , <100,<100 ,<100 , <100,<100 ,<100 , <100,<100 ,<100 , <100,<100 ,<100 , <100,<100 ,<100 , <100,<100 ,<100 , <100,<100 ,<100 , <100,<100 ,<100 , <100,<100 ,<100 , <100,<100 ,<100 , <100,<100 ,<100 , <100,<100 ,<100 , <100,<100 ,<100 , <100,<100 ,<100 , <100,<100 ,<100 , <100
Lao People's Democratic Republic,<100 ,<100 , <100,<100 ,<100 , <100,<100 ,<100 , <100,<100 ,<100 , <100,<100 ,<100 , <100,<100 ,<100 , <100,<100 ,<100 , <100,<100 ,<100 , <100,<100 ,<100 , <100,<100 ,<100 , <100,<100 ,<100 , <100,<100 ,<100 , <100,<100 ,<100 , <100,<100 ,<100 , <100,<100 ,<100 , <100,<100 ,<100 , <100,<100 ,<100 , <200,<100 ,<100 , <200,<100 ,<100 , <200,<200 ,<100 , <200,<200 ,<100 , <200,<200 ,<100 , <200,<200 ,<100 , <200,<200 ,<100 , <200,<200 ,<100 , <200,<200 ,<100 , <200,<200 ,<100 , <200,<200 ,<100 , <200,<200 ,<100 , <200,<200 ,<100 , <200
Latvia,<100 ,<100 , <100,<100 ,<100 , <100,<100 ,<100 , <100,<100 ,<100 , <100,<100 ,<100 , <100,<100 ,<100 , <100,<100 ,<100 , <100,<100 ,<100 , <100,<100 ,<100 , <100,<100 ,<100 , <100,<100 ,<100 , <100,<100 ,<100 , <100,<100 ,<100 , <100,<100 ,<100 , <100,<100 ,<100 , <100,<100 ,<100 , <100,<100 ,<100 , <100,<100 ,<100 , <100,<100 ,<100 , <100,<100 ,<100 , <100,<100 ,<100 , <100,<100 ,<100 , <100,<100 ,<100 , <100,<100 ,<100 , <100,<100 ,<100 , <100,<100 ,<100 , <100,<100 ,<100 , <100,<100 ,<100 , <100,<100 ,<100 , <100,<100 ,<100 , <100
Lebanon,<100 ,<100 , <100,<100 ,<100 , <100,<100 ,<100 , <100,<100 ,<100 , <100,<100 ,<100 , <100,<100 ,<100 , <100,<100 ,<100 , <100,<100 ,<100 , <100,<100 ,<100 , <100,<100 ,<100 , <100,<100 ,<100 , <100,<100 ,<100 , <100,<100 ,<100 , <100,<100 ,<100 , <100,<100 ,<100 , <100,<100 ,<100 , <100,<100 ,<100 , <100,<100 ,<100 , <100,<100 ,<100 , <100,<100 ,<100 , <100,<100 ,<100 , <100,<100 ,<100 , <100,<100 ,<100 , <100,<100 ,<100 , <100,<100 ,<100 , <100,<100 ,<100 , <100,<100 ,<100 , <100,<100 ,<100 , <100,<100 ,<100 , <100,<100 ,<100 , <100
Lesotho,<500 ,<200 , <500,<500 ,<200 , <1000,<500 ,<500 , <1000,<1000 ,<500 , 1200,1000 ,<1000 , 1600,1400 ,<1000 , 2200,2000 ,1300 , 2800,2600 ,1700 , 3700,3300 ,2200 , 4600,4200 ,2900 , 5700,5000 ,3500 , 6900,6000 ,4300 , 8100,6800 ,5000 , 9200,7600 ,5700 , 10 000,8200 ,6300 , 11 000,8500 ,6600 , 11 000,7400 ,5800 , 10 000,6500 ,5100 , 8500,4400 ,3400 , 5900,3700 ,2800 , 5100,3200 ,2400 , 4400,2700 ,2100 , 3800,2500 ,1900 , 3500,2300 ,1700 , 3200,2100 ,1600 , 3000,2100 ,1600 , 2800,2000 ,1500 , 2700,2000 ,1500 , 2700,2000 ,1500 , 2600,2000 ,1500 , 2700
Liberia,<200 ,<100 , <500,<200 ,<100 , <1000,<500 ,<100 , <1000,<500 ,<200 , <1000,<500 ,<200 , 1100,<1000 ,<500 , 1300,<1000 ,<500 , 1600,1000 ,<500 , 1800,1200 ,<1000 , 2100,1400 ,<1000 , 2200,1600 ,<1000 , 2300,1700 ,1100 , 2300,1800 ,1300 , 2300,1800 ,1400 , 2200,1900 ,1500 , 2200,1900 ,1600 , 2200,1900 ,1600 , 2200,1700 ,1500 , 2000,1700 ,1500 , 1900,1600 ,1400 , 1900,1500 ,1300 , 1800,1400 ,1100 , 1600,1300 ,1000 , 1600,1300 ,1100 , 1600,1200 ,<1000 , 1500,1300 ,<1000 , 1600,1300 ,1000 , 1600,1100 ,<1000 , 1400,<1000 ,<1000 , 1000,<1000 ,<500 , <1000
Libya,<100 ,<100 , <100,<100 ,<100 , <100,<100 ,<100 , <100,<100 ,<100 , <100,<100 ,<100 , <100,<100 ,<100 , <100,<100 ,<100 , <100,<100 ,<100 , <100,<100 ,<100 , <100,<100 ,<100 , <100,<100 ,<100 , <100,<100 ,<100 , <100,<100 ,<100 , <100,<100 ,<100 , <100,<100 ,<100 , <100,<100 ,<100 , <100,<100 ,<100 , <100,<100 ,<100 , <100,<100 ,<100 , <100,<100 ,<100 , <100,<100 ,<100 , <100,<100 ,<100 , <100,<100 ,<100 , <100,<100 ,<100 , <100,<100 ,<100 , <100,<100 ,<100 , <100,<100 ,<100 , <100,<100 ,<100 , <100,<100 ,<100 , <100,<100 ,<100 , <100
Lithuania,<100 ,<100 , <100,<100 ,<100 , <100,<100 ,<100 , <100,<100 ,<100 , <100,<100 ,<100 , <100,<100 ,<100 , <100,<100 ,<100 , <100,<100 ,<100 , <100,<100 ,<100 , <100,<100 ,<100 , <100,<100 ,<100 , <100,<100 ,<100 , <100,<100 ,<100 , <100,<100 ,<100 , <100,<100 ,<100 , <100,<100 ,<100 , <100,<100 ,<100 , <100,<100 ,<100 , <100,<100 ,<100 , <100,<100 ,<100 , <100,<100 ,<100 , <100,<100 ,<100 , <100,<100 ,<100 , <100,<100 ,<100 , <100,<100 ,<100 , <100,<100 ,<100 , <100,<100 ,<100 , <100,<100 ,<100 , <100,<100 ,<100 , <100,<100 ,<100 , <100
Luxembourg,... ,... , ...,... ,... , ...,... ,... , ...,... ,... , ...,... ,... , ...,... ,... , ...,... ,... , ...,... ,... , ...,... ,... , ...,... ,... , ...,... ,... , ...,... ,... , ...,... ,... , ...,... ,... , ...,... ,... , ...,... ,... , ...,... ,... , ...,... ,... , ...,... ,... , ...,... ,... , ...,... ,... , ...,... ,... , ...,... ,... , ...,... ,... , ...,... ,... , ...,... ,... , ...,... ,... , ...,... ,... , ...,... ,... , ...,... ,... , ...
Madagascar,<100 ,<100 , <100,<100 ,<100 , <100,<100 ,<100 , <100,<100 ,<100 , <100,<100 ,<100 , <100,<100 ,<100 , <100,<100 ,<100 , <100,<100 ,<100 , <100,<100 ,<100 , <100,<100 ,<100 , <100,<100 ,<100 , <100,<100 ,<100 , <100,<100 ,<100 , <100,<100 ,<100 , <100,<100 ,<100 , <100,<100 ,<100 , <100,<100 ,<100 , <200,<100 ,<100 , <200,<100 ,<100 , <200,<200 ,<100 , <200,<200 ,<100 , <200,<200 ,<200 , <500,<200 ,<200 , <500,<500 ,<200 , <500,<500 ,<200 , <500,<500 ,<500 , <500,<500 ,<500 , <500,<500 ,<500 , <1000,<500 ,<500 , <1000,<500 ,<500 , <1000
Malawi,4800 ,3000 , 7100,6100 ,4000 , 9000,7700 ,5100 , 11 000,9400 ,6500 , 13 000,11 000 ,8000 , 15 000,13 000 ,9900 , 18 000,16 000 ,12 000 , 21 000,18 000 ,14 000 , 24 000,21 000 ,16 000 , 26 000,23 000 ,19 000 , 28 000,25 000 ,21 000 , 31 000,27 000 ,23 000 , 32 000,29 000 ,24 000 , 33 000,30 000 ,26 000 , 34 000,31 000 ,27 000 , 34 000,30 000 ,27 000 , 33 000,26 000 ,23 000 , 28 000,21 000 ,19 000 , 23 000,17 000 ,14 000 , 19 000,13 000 ,10 000 , 15 000,11 000 ,8700 , 12 000,9200 ,7500 , 11 000,7700 ,6200 , 9600,6200 ,4900 , 7800,5300 ,4200 , 6800,4900 ,3900 , 6200,4800 ,3800 , 6100,4900 ,4100 , 6200,5100 ,4300 , 6300,5400 ,4500 , 6700
Malaysia,<100 ,<100 , <100,<100 ,<100 , <100,<100 ,<100 , <100,<100 ,<100 , <100,<100 ,<100 , <100,<100 ,<100 , <100,<100 ,<100 , <100,<100 ,<100 , <200,<200 ,<100 , <200,<200 ,<100 , <500,<500 ,<200 , <500,<500 ,<200 , <500,<500 ,<500 , <500,<500 ,<200 , <500,<500 ,<200 , <500,<500 ,<200 , <500,<500 ,<200 , <500,<500 ,<200 , <500,<500 ,<200 , <500,<500 ,<200 , <500,<500 ,<200 , <500,<500 ,<500 , <500,<500 ,<500 , <500,<500 ,<500 , <1000,<500 ,<500 , <1000,<500 ,<500 , <1000,<500 ,<500 , <1000,<500 ,<500 , <1000,<500 ,<500 , <1000,<500 ,<500 , <1000
Maldives,... ,... , ...,... ,... , ...,... ,... , ...,... ,... , ...,... ,... , ...,... ,... , ...,... ,... , ...,... ,... , ...,... ,... , ...,... ,... , ...,... ,... , ...,... ,... , ...,... ,... , ...,... ,... , ...,... ,... , ...,... ,... , ...,... ,... , ...,... ,... , ...,... ,... , ...,... ,... , ...,... ,... , ...,... ,... , ...,... ,... , ...,... ,... , ...,... ,... , ...,... ,... , ...,... ,... , ...,... ,... , ...,... ,... , ...,... ,... , ...
Mali,<1000 ,<200 , 1500,<1000 ,<500 , 1800,<1000 ,<500 , 2200,1200 ,<500 , 2500,1500 ,<1000 , 2800,1700 ,<1000 , 3100,2000 ,1100 , 3300,2300 ,1300 , 3500,2500 ,1600 , 3600,2700 ,1900 , 3800,3000 ,2100 , 4000,3200 ,2300 , 4100,3300 ,2500 , 4100,3300 ,2600 , 4100,3200 ,2600 , 4000,2900 ,2300 , 3600,2900 ,2400 , 3600,2500 ,2000 , 3100,2100 ,1600 , 2600,1900 ,1500 , 2400,1800 ,1400 , 2400,1800 ,1300 , 2300,1500 ,1100 , 1900,1600 ,1100 , 2200,2000 ,1400 , 2600,2100 ,1500 , 2900,2200 ,1600 , 2900,2300 ,1600 , 3100,2300 ,1600 , 3100,2200 ,1500 , 3000
Malta,... ,... , ...,... ,... , ...,... ,... , ...,... ,... , ...,... ,... , ...,... ,... , ...,... ,... , ...,... ,... , ...,... ,... , ...,... ,... , ...,... ,... , ...,... ,... , ...,... ,... , ...,... ,... , ...,... ,... , ...,... ,... , ...,... ,... , ...,... ,... , ...,... ,... , ...,... ,... , ...,... ,... , ...,... ,... , ...,... ,... , ...,... ,... , ...,... ,... , ...,... ,... , ...,... ,... , ...,... ,... , ...,... ,... , ...,... ,... , ...
Mauritania,<100 ,<100 , <100,<100 ,<100 , <100,<100 ,<100 , <100,<100 ,<100 , <100,<100 ,<100 , <100,<100 ,<100 , <100,<100 ,<100 , <100,<100 ,<100 , <100,<100 ,<100 , <100,<100 ,<100 , <200,<100 ,<100 , <200,<200 ,<100 , <200,<200 ,<100 , <200,<200 ,<200 , <200,<200 ,<200 , <500,<200 ,<200 , <500,<200 ,<200 , <200,<200 ,<100 , <200,<200 ,<100 , <200,<100 ,<100 , <200,<100 ,<100 , <200,<100 ,<100 , <200,<200 ,<100 , <200,<200 ,<200 , <200,<200 ,<100 , <200,<200 ,<100 , <200,<200 ,<100 , <200,<200 ,<100 , <200,<100 ,<100 , <200,<100 ,<100 , <200
Mauritius,... ,... , ...,... ,... , ...,... ,... , ...,... ,... , ...,... ,... , ...,... ,... , ...,... ,... , ...,... ,... , ...,... ,... , ...,... ,... , ...,... ,... , ...,... ,... , ...,... ,... , ...,... ,... , ...,... ,... , ...,... ,... , ...,... ,... , ...,... ,... , ...,... ,... , ...,... ,... , ...,... ,... , ...,... ,... , ...,... ,... , ...,... ,... , ...,... ,... , ...,... ,... , ...,... ,... , ...,... ,... , ...,... ,... , ...,... ,... , ...
Mexico,... ,... , ...,... ,... , ...,... ,... , ...,... ,... , ...,... ,... , ...,... ,... , ...,... ,... , ...,... ,... , ...,... ,... , ...,... ,... , ...,... ,... , ...,... ,... , ...,... ,... , ...,... ,... , ...,... ,... , ...,... ,... , ...,... ,... , ...,... ,... , ...,... ,... , ...,... ,... , ...,... ,... , ...,... ,... , ...,... ,... , ...,... ,... , ...,... ,... , ...,... ,... , ...,... ,... , ...,... ,... , ...,... ,... , ...,... ,... , ...
Mongolia,<100 ,<100 , <100,<100 ,<100 , <100,<100 ,<100 , <100,<100 ,<100 , <100,<100 ,<100 , <100,<100 ,<100 , <100,<100 ,<100 , <100,<100 ,<100 , <100,<100 ,<100 , <100,<100 ,<100 , <100,<100 ,<100 , <100,<100 ,<100 , <100,<100 ,<100 , <100,<100 ,<100 , <100,<100 ,<100 , <100,<100 ,<100 , <100,<100 ,<100 , <100,<100 ,<100 , <100,<100 ,<100 , <100,<100 ,<100 , <100,<100 ,<100 , <100,<100 ,<100 , <100,<100 ,<100 , <100,<100 ,<100 , <100,<100 ,<100 , <100,<100 ,<100 , <100,<100 ,<100 , <100,<100 ,<100 , <100,<100 ,<100 , <100,<100 ,<100 , <100
Montenegro,<100 ,<100 , <100,<100 ,<100 , <100,<100 ,<100 , <100,<100 ,<100 , <100,<100 ,<100 , <100,<100 ,<100 , <100,<100 ,<100 , <100,<100 ,<100 , <100,<100 ,<100 , <100,<100 ,<100 , <100,<100 ,<100 , <100,<100 ,<100 , <100,<100 ,<100 , <100,<100 ,<100 , <100,<100 ,<100 , <100,<100 ,<100 , <100,<100 ,<100 , <100,<100 ,<100 , <100,<100 ,<100 , <100,<100 ,<100 , <100,<100 ,<100 , <100,<100 ,<100 , <100,<100 ,<100 , <100,<100 ,<100 , <100,<100 ,<100 , <100,<100 ,<100 , <100,<100 ,<100 , <100,<100 ,<100 , <100,<100 ,<100 , <100,<100 ,<100 , <100
Morocco,<100 ,<100 , <100,<100 ,<100 , <100,<100 ,<100 , <100,<100 ,<100 , <100,<100 ,<100 , <100,<100 ,<100 , <100,<100 ,<100 , <100,<100 ,<100 , <200,<100 ,<100 , <200,<200 ,<100 , <200,<200 ,<100 , <500,<200 ,<200 , <500,<200 ,<200 , <500,<200 ,<200 , <500,<200 ,<100 , <500,<200 ,<100 , <500,<200 ,<200 , <500,<200 ,<200 , <500,<200 ,<200 , <500,<200 ,<200 , <500,<200 ,<200 , <500,<200 ,<200 , <500,<200 ,<200 , <500,<200 ,<100 , <500,<200 ,<100 , <200,<100 ,<100 , <200,<100 ,<100 , <200,<100 ,<100 , <200,<100 ,<100 , <200,<100 ,<100 , <200
Mozambique,<1000 ,<500 , <1000,1000 ,<1000 , 1500,1500 ,1000 , 2100,2200 ,1500 , 3100,3000 ,2100 , 4300,4100 ,2800 , 5800,5400 ,3700 , 7700,7100 ,4800 , 10 000,9100 ,6200 , 13 000,11 000 ,7800 , 16 000,14 000 ,9700 , 20 000,17 000 ,12 000 , 24 000,20 000 ,14 000 , 29 000,24 000 ,16 000 , 34 000,27 000 ,18 000 , 38 000,30 000 ,20 000 , 42 000,31 000 ,21 000 , 44 000,31 000 ,21 000 , 44 000,28 000 ,19 000 , 39 000,27 000 ,18 000 , 38 000,27 000 ,19 000 , 39 000,28 000 ,19 000 , 40 000,29 000 ,20 000 , 41 000,30 000 ,21 000 , 43 000,29 000 ,20 000 , 41 000,25 000 ,17 000 , 36 000,23 000 ,16 000 , 33 000,22 000 ,15 000 , 31 000,21 000 ,15 000 , 30 000,21 000 ,14 000 , 29 000
Myanmar,<100 ,<100 , <100,<100 ,<100 , <100,<100 ,<100 , <100,<100 ,<100 , <100,<100 ,<100 , <200,<200 ,<100 , <200,<500 ,<200 , <500,<500 ,<500 , <500,<500 ,<500 , <1000,<1000 ,<500 , <1000,<1000 ,<1000 , 1000,1100 ,<1000 , 1300,1300 ,1000 , 1600,1600 ,1300 , 1900,2000 ,1600 , 2300,2300 ,1900 , 2700,2600 ,2100 , 3000,2800 ,2300 , 3200,2700 ,2200 , 3200,2700 ,2200 , 3200,2900 ,2500 , 3500,3100 ,2600 , 3800,3200 ,2600 , 3900,3200 ,2500 , 4000,3200 ,2500 , 4100,3300 ,2400 , 4300,3300 ,2300 , 4600,3200 ,2200 , 4700,3100 ,2200 , 4600,2900 ,2200 , 4200
Namibia,<200 ,<100 , <200,<200 ,<100 , <500,<500 ,<200 , <500,<500 ,<500 , <1000,<1000 ,<500 , <1000,<1000 ,<1000 , 1100,1100 ,<1000 , 1600,1500 ,1000 , 2100,2000 ,1400 , 2700,2500 ,1800 , 3400,3100 ,2300 , 4000,3700 ,2800 , 4800,4300 ,3300 , 5400,4900 ,3800 , 6100,5100 ,4100 , 6300,4300 ,3500 , 5300,3400 ,2700 , 4100,2600 ,2100 , 3200,2100 ,1700 , 2500,1800 ,1400 , 2200,1700 ,1400 , 2100,1600 ,1300 , 1900,1500 ,1200 , 1800,1400 ,1100 , 1600,1300 ,1000 , 1500,1200 ,<1000 , 1500,1400 ,1100 , 1700,1500 ,1200 , 1800,1500 ,1200 , 1800,1400 ,1200 , 1700
Nepal,<100 ,<100 , <100,<100 ,<100 , <100,<100 ,<100 , <100,<100 ,<100 , <100,<100 ,<100 , <100,<100 ,<100 , <100,<100 ,<100 , <100,<100 ,<100 , <100,<100 ,<100 , <100,<100 ,<100 , <100,<200 ,<100 , <200,<200 ,<100 , <500,<500 ,<200 , <500,<500 ,<500 , <500,<500 ,<500 , <500,<500 ,<500 , <1000,<500 ,<500 , <1000,<500 ,<500 , <1000,<500 ,<500 , <500,<500 ,<500 , <500,<500 ,<500 , <500,<500 ,<500 , <500,<500 ,<200 , <500,<500 ,<200 , <500,<500 ,<200 , <500,<500 ,<200 , <500,<500 ,<200 , <500,<200 ,<200 , <500,<200 ,<200 , <500,<200 ,<200 , <500
Netherlands,<100 ,<100 , <100,<100 ,<100 , <100,<100 ,<100 , <100,<100 ,<100 , <100,<100 ,<100 , <200,<100 ,<100 , <200,<100 ,<100 , <100,<100 ,<100 , <100,<100 ,<100 , <100,<100 ,<100 , <100,<100 ,<100 , <100,<100 ,<100 , <100,<100 ,<100 , <100,<100 ,<100 , <100,<100 ,<100 , <100,<100 ,<100 , <100,<100 ,<100 , <100,<100 ,<100 , <100,<100 ,<100 , <100,<100 ,<100 , <100,<100 ,<100 , <100,<100 ,<100 , <100,<100 ,<100 , <100,<100 ,<100 , <100,<100 ,<100 , <100,<100 ,<100 , <100,<100 ,<100 , <100,<100 ,<100 , <100,<100 ,<100 , <100,<100 ,<100 , <100
New Zealand,<100 ,<100 , <100,<100 ,<100 , <100,<100 ,<100 , <100,<100 ,<100 , <100,<100 ,<100 , <100,<100 ,<100 , <100,<100 ,<100 , <100,<100 ,<100 , <100,<100 ,<100 , <100,<100 ,<100 , <100,<100 ,<100 , <100,<100 ,<100 , <100,<100 ,<100 , <100,<100 ,<100 , <100,<100 ,<100 , <100,<100 ,<100 , <100,<100 ,<100 , <100,<100 ,<100 , <100,<100 ,<100 , <100,<100 ,<100 , <100,<100 ,<100 , <100,<100 ,<100 , <100,<100 ,<100 , <100,<100 ,<100 , <100,<100 ,<100 , <100,<100 ,<100 , <100,<100 ,<100 , <100,<100 ,<100 , <100,<100 ,<100 , <100,<100 ,<100 , <100
Nicaragua,<100 ,<100 , <100,<100 ,<100 , <100,<100 ,<100 , <100,<100 ,<100 , <100,<100 ,<100 , <100,<100 ,<100 , <100,<100 ,<100 , <100,<100 ,<100 , <100,<100 ,<100 , <100,<100 ,<100 , <200,<100 ,<100 , <200,<100 ,<100 , <200,<100 ,<100 , <200,<100 ,<100 , <200,<100 ,<100 , <200,<100 ,<100 , <200,<100 ,<100 , <200,<100 ,<100 , <200,<100 ,<100 , <200,<100 ,<100 , <200,<100 ,<100 , <200,<100 ,<100 , <200,<100 ,<100 , <100,<100 ,<100 , <100,<100 ,<100 , <100,<100 ,<100 , <100,<100 ,<100 , <100,<100 ,<100 , <100,<100 ,<100 , <100,<100 ,<100 , <100
Niger,<100 ,<100 , <200,<200 ,<100 , <200,<200 ,<100 , <500,<200 ,<200 , <500,<500 ,<200 , <500,<500 ,<200 , <500,<500 ,<500 , <1000,<500 ,<500 , <1000,<1000 ,<500 , <1000,<1000 ,<500 , <1000,<1000 ,<1000 , 1000,<1000 ,<1000 , 1100,<1000 ,<1000 , 1300,1000 ,<1000 , 1400,1100 ,<1000 , 1400,1100 ,<1000 , 1400,1000 ,<1000 , 1300,<1000 ,<1000 , 1100,<1000 ,<1000 , 1100,<1000 ,<1000 , 1100,<1000 ,<500 , <1000,<500 ,<500 , <1000,<500 ,<500 , <1000,<500 ,<500 , <1000,<500 ,<500 , <500,<500 ,<500 , <1000,<500 ,<500 , <1000,<500 ,<500 , <1000,<500 ,<500 , <500,<500 ,<500 , <500
Nigeria,2100 ,1200 , 3600,3000 ,1700 , 5000,4100 ,2300 , 6900,5400 ,3100 , 9200,7000 ,4000 , 12 000,8900 ,5100 , 15 000,11 000 ,6300 , 19 000,13 000 ,7700 , 23 000,16 000 ,9100 , 27 000,19 000 ,11 000 , 32 000,21 000 ,12 000 , 36 000,24 000 ,14 000 , 41 000,27 000 ,15 000 , 45 000,29 000 ,17 000 , 49 000,30 000 ,17 000 , 50 000,29 000 ,17 000 , 49 000,29 000 ,17 000 , 50 000,27 000 ,16 000 , 47 000,29 000 ,16 000 , 49 000,26 000 ,15 000 , 45 000,26 000 ,15 000 , 44 000,27 000 ,15 000 , 45 000,24 000 ,13 000 , 40 000,18 000 ,11 000 , 31 000,14 000 ,8100 , 24 000,13 000 ,7200 , 21 000,13 000 ,7300 , 22 000,13 000 ,7100 , 21 000,12 000 ,6900 , 21 000,13 000 ,7200 , 22 000
North Macedonia,... ,... , ...,... ,... , ...,... ,... , ...,... ,... , ...,... ,... , ...,... ,... , ...,... ,... , ...,... ,... , ...,... ,... , ...,... ,... , ...,... ,... , ...,... ,... , ...,... ,... , ...,... ,... , ...,... ,... , ...,... ,... , ...,... ,... , ...,... ,... , ...,... ,... , ...,... ,... , ...,... ,... , ...,... ,... , ...,... ,... , ...,... ,... , ...,... ,... , ...,... ,... , ...,... ,... , ...,... ,... , ...,... ,... , ...,... ,... , ...
Norway,... ,... , ...,... ,... , ...,... ,... , ...,... ,... , ...,... ,... , ...,... ,... , ...,... ,... , ...,... ,... , ...,... ,... , ...,... ,... , ...,... ,... , ...,... ,... , ...,... ,... , ...,... ,... , ...,... ,... , ...,... ,... , ...,... ,... , ...,... ,... , ...,... ,... , ...,... ,... , ...,... ,... , ...,... ,... , ...,... ,... , ...,... ,... , ...,... ,... , ...,... ,... , ...,... ,... , ...,... ,... , ...,... ,... , ...,... ,... , ...
Oman,<100 ,<100 , <100,<100 ,<100 , <100,<100 ,<100 , <100,<100 ,<100 , <100,<100 ,<100 , <100,<100 ,<100 , <100,<100 ,<100 , <100,<100 ,<100 , <100,<100 ,<100 , <100,<100 ,<100 , <100,<100 ,<100 , <100,<100 ,<100 , <100,<100 ,<100 , <100,<100 ,<100 , <100,<100 ,<100 , <100,<100 ,<100 , <100,<100 ,<100 , <100,<100 ,<100 , <100,<100 ,<100 , <100,<100 ,<100 , <100,<100 ,<100 , <100,<100 ,<100 , <100,<100 ,<100 , <100,<100 ,<100 , <100,<100 ,<100 , <100,<100 ,<100 , <100,<100 ,<100 , <100,<100 ,<100 , <100,<100 ,<100 , <100,<100 ,<100 , <100
Pakistan,<100 ,<100 , <100,<100 ,<100 , <100,<100 ,<100 , <100,<100 ,<100 , <100,<100 ,<100 , <100,<100 ,<100 , <100,<100 ,<100 , <100,<100 ,<100 , <100,<100 ,<100 , <100,<100 ,<100 , <100,<100 ,<100 , <100,<100 ,<100 , <100,<100 ,<100 , <100,<100 ,<100 , <100,<100 ,<100 , <100,<100 ,<100 , <100,<100 ,<100 , <100,<100 ,<100 , <200,<200 ,<100 , <200,<200 ,<200 , <500,<500 ,<200 , <500,<500 ,<500 , <1000,<1000 ,<500 , <1000,<1000 ,<1000 , 1100,1100 ,<1000 , 1300,1300 ,<1000 , 1600,1500 ,1200 , 1800,1700 ,1400 , 2000,1900 ,1500 , 2200,2000 ,1600 , 2400
Panama,... ,... , ...,... ,... , ...,... ,... , ...,... ,... , ...,... ,... , ...,... ,... , ...,... ,... , ...,... ,... , ...,... ,... , ...,... ,... , ...,... ,... , ...,... ,... , ...,... ,... , ...,... ,... , ...,... ,... , ...,... ,... , ...,... ,... , ...,... ,... , ...,... ,... , ...,... ,... , ...,... ,... , ...,... ,... , ...,... ,... , ...,... ,... , ...,... ,... , ...,... ,... , ...,... ,... , ...,... ,... , ...,... ,... , ...,... ,... , ...
Papua New Guinea,<100 ,<100 , <100,<100 ,<100 , <100,<100 ,<100 , <100,<100 ,<100 , <100,<100 ,<100 , <100,<100 ,<100 , <100,<100 ,<100 , <100,<100 ,<100 , <100,<100 ,<100 , <100,<100 ,<100 , <100,<100 ,<100 , <200,<200 ,<100 , <200,<200 ,<200 , <500,<500 ,<200 , <500,<500 ,<500 , <500,<500 ,<500 , <1000,<500 ,<500 , <1000,<500 ,<500 , <500,<500 ,<500 , <500,<500 ,<200 , <500,<500 ,<500 , <500,<500 ,<500 , <500,<500 ,<500 , <500,<500 ,<200 , <500,<500 ,<200 , <500,<200 ,<200 , <500,<200 ,<200 , <500,<500 ,<200 , <500,<500 ,<200 , <500,<500 ,<200 , <500
Paraguay,<100 ,<100 , <100,<100 ,<100 , <100,<100 ,<100 , <100,<100 ,<100 , <100,<100 ,<100 , <100,<100 ,<100 , <100,<100 ,<100 , <200,<100 ,<100 , <200,<100 ,<100 , <200,<100 ,<100 , <200,<100 ,<100 , <500,<200 ,<100 , <500,<200 ,<100 , <500,<200 ,<100 , <500,<500 ,<200 , <500,<500 ,<200 , <500,<500 ,<200 , <500,<500 ,<200 , <500,<500 ,<200 , <500,<500 ,<200 , <500,<200 ,<200 , <500,<200 ,<200 , <500,<500 ,<200 , <500,<200 ,<200 , <500,<200 ,<200 , <500,<200 ,<200 , <500,<500 ,<200 , <500,<500 ,<200 , <500,<200 ,<200 , <500,<200 ,<100 , <500
Peru,<200 ,<200 , <500,<200 ,<200 , <500,<500 ,<200 , <500,<500 ,<200 , <500,<500 ,<200 , <500,<500 ,<500 , <500,<500 ,<500 , <500,<500 ,<500 , <1000,<500 ,<500 , <1000,<1000 ,<500 , <1000,<1000 ,<500 , <1000,<1000 ,<500 , <1000,<1000 ,<500 , <1000,<1000 ,<500 , <1000,<1000 ,<500 , <1000,<1000 ,<500 , <1000,<1000 ,<500 , <1000,<500 ,<500 , <1000,<500 ,<500 , <500,<500 ,<200 , <500,<200 ,<200 , <500,<200 ,<200 , <500,<200 ,<200 , <500,<200 ,<200 , <500,<200 ,<200 , <500,<200 ,<200 , <500,<200 ,<200 , <200,<200 ,<100 , <200,<200 ,<100 , <500,<200 ,<100 , <500
Philippines,<100 ,<100 , <100,<100 ,<100 , <100,<100 ,<100 , <100,<100 ,<100 , <100,<100 ,<100 , <100,<100 ,<100 , <100,<100 ,<100 , <100,<100 ,<100 , <100,<100 ,<100 , <100,<100 ,<100 , <100,<100 ,<100 , <100,<100 ,<100 , <100,<100 ,<100 , <100,<100 ,<100 , <100,<100 ,<100 , <100,<100 ,<100 , <100,<100 ,<100 , <100,<100 ,<100 , <100,<100 ,<100 , <100,<100 ,<100 , <100,<100 ,<100 , <100,<100 ,<100 , <100,<100 ,<100 , <100,<100 ,<100 , <100,<100 ,<100 , <100,<100 ,<100 , <100,<100 ,<100 , <200,<200 ,<100 , <200,<200 ,<100 , <200,<200 ,<100 , <200
Poland,... ,... , ...,... ,... , ...,... ,... , ...,... ,... , ...,... ,... , ...,... ,... , ...,... ,... , ...,... ,... , ...,... ,... , ...,... ,... , ...,... ,... , ...,... ,... , ...,... ,... , ...,... ,... , ...,... ,... , ...,... ,... , ...,... ,... , ...,... ,... , ...,... ,... , ...,... ,... , ...,... ,... , ...,... ,... , ...,... ,... , ...,... ,... , ...,... ,... , ...,... ,... , ...,... ,... , ...,... ,... , ...,... ,... , ...,... ,... , ...
Portugal,... ,... , ...,... ,... , ...,... ,... , ...,... ,... , ...,... ,... , ...,... ,... , ...,... ,... , ...,... ,... , ...,... ,... , ...,... ,... , ...,... ,... , ...,... ,... , ...,... ,... , ...,... ,... , ...,... ,... , ...,... ,... , ...,... ,... , ...,... ,... , ...,... ,... , ...,... ,... , ...,... ,... , ...,... ,... , ...,... ,... , ...,... ,... , ...,... ,... , ...,... ,... , ...,... ,... , ...,... ,... , ...,... ,... , ...,... ,... , ...
Qatar,... ,... , ...,... ,... , ...,... ,... , ...,... ,... , ...,... ,... , ...,... ,... , ...,... ,... , ...,... ,... , ...,... ,... , ...,... ,... , ...,... ,... , ...,... ,... , ...,... ,... , ...,... ,... , ...,... ,... , ...,... ,... , ...,... ,... , ...,... ,... , ...,... ,... , ...,... ,... , ...,... ,... , ...,... ,... , ...,... ,... , ...,... ,... , ...,... ,... , ...,... ,... , ...,... ,... , ...,... ,... , ...,... ,... , ...,... ,... , ...
Republic of Korea,... ,... , ...,... ,... , ...,... ,... , ...,... ,... , ...,... ,... , ...,... ,... , ...,... ,... , ...,... ,... , ...,... ,... , ...,... ,... , ...,... ,... , ...,... ,... , ...,... ,... , ...,... ,... , ...,... ,... , ...,... ,... , ...,... ,... , ...,... ,... , ...,... ,... , ...,... ,... , ...,... ,... , ...,... ,... , ...,... ,... , ...,... ,... , ...,... ,... , ...,... ,... , ...,... ,... , ...,... ,... , ...,... ,... , ...,... ,... , ...
Republic of Moldova,<100 ,<100 , <100,<100 ,<100 , <100,<100 ,<100 , <100,<100 ,<100 , <100,<100 ,<100 , <100,<100 ,<100 , <100,<100 ,<100 , <100,<100 ,<100 , <100,<100 ,<100 , <100,<100 ,<100 , <100,<100 ,<100 , <100,<100 ,<100 , <100,<100 ,<100 , <200,<200 ,<100 , <200,<200 ,<100 , <200,<200 ,<100 , <500,<200 ,<100 , <500,<200 ,<200 , <500,<200 ,<200 , <500,<200 ,<200 , <500,<200 ,<200 , <500,<200 ,<200 , <500,<200 ,<100 , <200,<200 ,<100 , <200,<200 ,<100 , <200,<100 ,<100 , <200,<100 ,<100 , <200,<100 ,<100 , <100,<100 ,<100 , <100,<100 ,<100 , <100
Romania,<100 ,<100 , <200,<100 ,<100 , <200,<100 ,<100 , <200,<100 ,<100 , <200,<100 ,<100 , <500,<100 ,<100 , <500,<100 ,<100 , <500,<100 ,<100 , <500,<100 ,<100 , <500,<100 ,<100 , <200,<100 ,<100 , <200,<100 ,<100 , <200,<100 ,<100 , <200,<100 ,<100 , <200,<100 ,<100 , <200,<100 ,<100 , <200,<100 ,<100 , <200,<100 ,<100 , <200,<100 ,<100 , <200,<100 ,<100 , <200,<100 ,<100 , <100,<100 ,<100 , <100,<100 ,<100 , <200,<200 ,<100 , <200,<200 ,<200 , <500,<200 ,<200 , <500,<200 ,<100 , <200,<200 ,<100 , <200,<200 ,<100 , <200,<200 ,<100 , <200
Russian Federation,... ,... , ...,... ,... , ...,... ,... , ...,... ,... , ...,... ,... , ...,... ,... , ...,... ,... , ...,... ,... , ...,... ,... , ...,... ,... , ...,... ,... , ...,... ,... , ...,... ,... , ...,... ,... , ...,... ,... , ...,... ,... , ...,... ,... , ...,... ,... , ...,... ,... , ...,... ,... , ...,... ,... , ...,... ,... , ...,... ,... , ...,... ,... , ...,... ,... , ...,... ,... , ...,... ,... , ...,... ,... , ...,... ,... , ...,... ,... , ...
Rwanda,<1000 ,<500 , 1500,<1000 ,<500 , 1900,1100 ,<500 , 2300,1400 ,<1000 , 2700,1700 ,<1000 , 3100,2100 ,1000 , 3500,2500 ,1400 , 4100,3100 ,1800 , 4700,3800 ,2400 , 5500,4400 ,3000 , 6100,5100 ,3700 , 6700,5600 ,4100 , 7000,6100 ,4700 , 7400,6500 ,5200 , 7700,6600 ,5500 , 7700,5200 ,4300 , 6000,3400 ,2800 , 4000,2500 ,2000 , 3100,2100 ,1700 , 2700,1900 ,1500 , 2400,1700 ,1300 , 2200,1500 ,1200 , 2000,1400 ,1100 , 1900,1400 ,1100 , 1700,1300 ,1000 , 1600,1200 ,<1000 , 1500,1200 ,<1000 , 1500,1300 ,1000 , 1500,1200 ,<1000 , 1500,1200 ,1000 , 1500
Saudi Arabia,... ,... , ...,... ,... , ...,... ,... , ...,... ,... , ...,... ,... , ...,... ,... , ...,... ,... , ...,... ,... , ...,... ,... , ...,... ,... , ...,... ,... , ...,... ,... , ...,... ,... , ...,... ,... , ...,... ,... , ...,... ,... , ...,... ,... , ...,... ,... , ...,... ,... , ...,... ,... , ...,... ,... , ...,... ,... , ...,... ,... , ...,... ,... , ...,... ,... , ...,... ,... , ...,... ,... , ...,... ,... , ...,... ,... , ...,... ,... , ...
Senegal,<100 ,<100 , <100,<100 ,<100 , <100,<100 ,<100 , <200,<200 ,<100 , <200,<200 ,<100 , <500,<200 ,<200 , <500,<500 ,<200 , <500,<500 ,<500 , <500,<500 ,<500 , <1000,<500 ,<500 , <1000,<1000 ,<500 , <1000,<1000 ,<1000 , <1000,<1000 ,<1000 , <1000,<1000 ,<1000 , 1100,<1000 ,<1000 , 1200,1100 ,<1000 , 1300,1200 ,<1000 , 1400,1000 ,<1000 , 1200,<500 ,<500 , <500,<500 ,<500 , <500,<500 ,<500 , <500,<500 ,<200 , <500,<500 ,<200 , <500,<500 ,<200 , <500,<500 ,<500 , <500,<500 ,<500 , <500,<500 ,<500 , <500,<500 ,<500 , <500,<500 ,<500 , <500,<500 ,<500 , <500
Serbia,<100 ,<100 , <100,<100 ,<100 , <100,<100 ,<100 , <100,<100 ,<100 , <100,<100 ,<100 , <100,<100 ,<100 , <100,<100 ,<100 , <100,<100 ,<100 , <100,<100 ,<100 , <100,<100 ,<100 , <100,<100 ,<100 , <100,<100 ,<100 , <100,<100 ,<100 , <100,<100 ,<100 , <100,<100 ,<100 , <100,<100 ,<100 , <100,<100 ,<100 , <100,<100 ,<100 , <100,<100 ,<100 , <100,<100 ,<100 , <100,<100 ,<100 , <100,<100 ,<100 , <100,<100 ,<100 , <100,<100 ,<100 , <100,<100 ,<100 , <100,<100 ,<100 , <100,<100 ,<100 , <100,<100 ,<100 , <100,<100 ,<100 , <100,<100 ,<100 , <100
Sierra Leone,<200 ,<100 , <500,<200 ,<100 , <500,<500 ,<100 , <500,<500 ,<200 , <1000,<500 ,<200 , <1000,<500 ,<200 , <1000,<500 ,<500 , <1000,<1000 ,<500 , <1000,<1000 ,<500 , 1100,<1000 ,<500 , 1200,<1000 ,<1000 , 1300,<1000 ,<1000 , 1400,1100 ,<1000 , 1500,1200 ,<1000 , 1600,1400 ,<1000 , 1800,1500 ,1100 , 1800,1500 ,1100 , 1800,1400 ,1100 , 1800,1500 ,1200 , 1800,1300 ,1100 , 1600,1200 ,<1000 , 1400,1100 ,<1000 , 1300,1000 ,<1000 , 1200,<1000 ,<1000 , 1200,<1000 ,<1000 , 1200,<1000 ,<1000 , 1100,<1000 ,<1000 , 1100,<1000 ,<1000 , <1000,<1000 ,<1000 , <1000,<1000 ,<500 , <1000
Singapore,<100 ,<100 , <100,<100 ,<100 , <100,<100 ,<100 , <100,<100 ,<100 , <100,<100 ,<100 , <100,<100 ,<100 , <100,<100 ,<100 , <100,<100 ,<100 , <100,<100 ,<100 , <100,<100 ,<100 , <100,<100 ,<100 , <100,<100 ,<100 , <100,<100 ,<100 , <100,<100 ,<100 , <100,<100 ,<100 , <100,<100 ,<100 , <100,<100 ,<100 , <100,<100 ,<100 , <100,<100 ,<100 , <100,<100 ,<100 , <100,<100 ,<100 , <100,<100 ,<100 , <100,<100 ,<100 , <100,<100 ,<100 , <100,<100 ,<100 , <100,<100 ,<100 , <100,<100 ,<100 , <100,<100 ,<100 , <100,<100 ,<100 , <100,<100 ,<100 , <100
Slovakia,... ,... , ...,... ,... , ...,... ,... , ...,... ,... , ...,... ,... , ...,... ,... , ...,... ,... , ...,... ,... , ...,... ,... , ...,... ,... , ...,... ,... , ...,... ,... , ...,... ,... , ...,... ,... , ...,... ,... , ...,... ,... , ...,... ,... , ...,... ,... , ...,... ,... , ...,... ,... , ...,... ,... , ...,... ,... , ...,... ,... , ...,... ,... , ...,... ,... , ...,... ,... , ...,... ,... , ...,... ,... , ...,... ,... , ...,... ,... , ...
Slovenia,... ,... , ...,... ,... , ...,... ,... , ...,... ,... , ...,... ,... , ...,... ,... , ...,... ,... , ...,... ,... , ...,... ,... , ...,... ,... , ...,... ,... , ...,... ,... , ...,... ,... , ...,... ,... , ...,... ,... , ...,... ,... , ...,... ,... , ...,... ,... , ...,... ,... , ...,... ,... , ...,... ,... , ...,... ,... , ...,... ,... , ...,... ,... , ...,... ,... , ...,... ,... , ...,... ,... , ...,... ,... , ...,... ,... , ...,... ,... , ...
Somalia,<100 ,<100 , <100,<100 ,<100 , <100,<100 ,<100 , <200,<100 ,<100 , <200,<100 ,<100 , <200,<200 ,<100 , <200,<200 ,<100 , <500,<200 ,<200 , <500,<200 ,<200 , <500,<500 ,<200 , <500,<500 ,<200 , <500,<500 ,<500 , <500,<500 ,<500 , <500,<500 ,<500 , <500,<500 ,<500 , <1000,<500 ,<500 , <1000,<500 ,<500 , <1000,<500 ,<500 , <1000,<500 ,<500 , <1000,<500 ,<500 , <1000,<500 ,<500 , <1000,<500 ,<500 , <500,<500 ,<500 , <500,<500 ,<500 , <500,<500 ,<500 , <500,<500 ,<500 , <500,<500 ,<500 , <500,<500 ,<500 , <500,<500 ,<200 , <500,<500 ,<200 , <500
South Africa,1100 ,<1000 , 1800,1800 ,<1000 , 2900,3100 ,1400 , 5000,5200 ,2500 , 8600,8600 ,4200 , 14 000,13 000 ,6700 , 22 000,20 000 ,10 000 , 33 000,29 000 ,15 000 , 44 000,39 000 ,21 000 , 58 000,51 000 ,29 000 , 76 000,65 000 ,38 000 , 95 000,79 000 ,49 000 , 110 000,93 000 ,60 000 , 130 000,110 000 ,73 000 , 140 000,120 000 ,87 000 , 160 000,130 000 ,97 000 , 160 000,130 000 ,100 000 , 170 000,130 000 ,95 000 , 150 000,110 000 ,83 000 , 130 000,96 000 ,73 000 , 120 000,87 000 ,69 000 , 110 000,74 000 ,59 000 , 91 000,61 000 ,48 000 , 76 000,53 000 ,40 000 , 68 000,47 000 ,35 000 , 62 000,44 000 ,33 000 , 58 000,42 000 ,32 000 , 56 000,39 000 ,30 000 , 52 000,36 000 ,28 000 , 48 000,33 000 ,25 000 , 42 000
South Sudan,<500 ,<100 , <1000,<500 ,<100 , <1000,<500 ,<200 , <1000,<500 ,<200 , 1000,<1000 ,<500 , 1300,<1000 ,<500 , 1500,1000 ,<500 , 1800,1300 ,<1000 , 2200,1600 ,<1000 , 2600,1900 ,<1000 , 3000,2200 ,1200 , 3500,2600 ,1500 , 4000,2900 ,1800 , 4400,3200 ,2100 , 4700,3600 ,2400 , 5100,3900 ,2600 , 5500,4200 ,2800 , 5900,4600 ,3100 , 6300,4800 ,3300 , 6500,5000 ,3400 , 6600,4900 ,3400 , 6400,5100 ,3600 , 6700,5000 ,3500 , 6700,5100 ,3500 , 6700,4800 ,3300 , 6400,4300 ,3000 , 5900,3800 ,2500 , 5300,4200 ,2800 , 5800,4200 ,2800 , 5900,3900 ,2600 , 5600
Spain,<1000 ,<500 , <1000,<1000 ,<1000 , 1000,<1000 ,<1000 , 1200,1100 ,<1000 , 1400,1200 ,<1000 , 1600,1300 ,1100 , 1700,1300 ,1100 , 1700,<1000 ,<1000 , 1000,<1000 ,<500 , <1000,<500 ,<500 , <1000,<500 ,<500 , <1000,<500 ,<500 , <1000,<500 ,<500 , <500,<500 ,<500 , <500,<500 ,<500 , <500,<500 ,<500 , <500,<500 ,<200 , <500,<500 ,<200 , <500,<500 ,<200 , <500,<500 ,<200 , <500,<200 ,<200 , <500,<200 ,<200 , <500,<200 ,<200 , <500,<200 ,<200 , <500,<200 ,<200 , <500,<200 ,<200 , <200,<200 ,<200 , <200,<200 ,<200 , <500,<200 ,<200 , <200,<200 ,<200 , <200
Sri Lanka,<100 ,<100 , <100,<100 ,<100 , <100,<100 ,<100 , <100,<100 ,<100 , <100,<100 ,<100 , <100,<100 ,<100 , <100,<100 ,<100 , <100,<100 ,<100 , <100,<100 ,<100 , <100,<100 ,<100 , <100,<100 ,<100 , <100,<100 ,<100 , <100,<100 ,<100 , <100,<100 ,<100 , <100,<100 ,<100 , <100,<100 ,<100 , <100,<100 ,<100 , <100,<100 ,<100 , <100,<100 ,<100 , <100,<100 ,<100 , <100,<100 ,<100 , <100,<100 ,<100 , <100,<100 ,<100 , <100,<100 ,<100 , <100,<100 ,<100 , <100,<100 ,<100 , <100,<100 ,<100 , <100,<100 ,<100 , <100,<100 ,<100 , <100,<100 ,<100 , <100
Sudan,<100 ,<100 , <100,<100 ,<100 , <200,<100 ,<100 , <200,<100 ,<100 , <500,<100 ,<100 , <500,<200 ,<100 , <500,<200 ,<100 , <500,<200 ,<100 , <1000,<500 ,<100 , <1000,<500 ,<100 , <1000,<500 ,<100 , <1000,<500 ,<200 , <1000,<500 ,<200 , <1000,<1000 ,<500 , 1000,<1000 ,<500 , 1200,<1000 ,<500 , 1200,<1000 ,<500 , 1300,<1000 ,<1000 , 1300,<1000 ,<1000 , 1300,<1000 ,<1000 , 1100,<1000 ,<1000 , 1100,<1000 ,<1000 , 1200,1100 ,<1000 , 1400,1100 ,<1000 , 1400,1100 ,<1000 , 1400,1100 ,<1000 , 1400,1200 ,<1000 , 1400,1100 ,<1000 , 1300,<1000 ,<1000 , 1200,<1000 ,<1000 , 1200
Suriname,<100 ,<100 , <100,<100 ,<100 , <100,<100 ,<100 , <100,<100 ,<100 , <100,<100 ,<100 , <100,<100 ,<100 , <100,<100 ,<100 , <100,<100 ,<100 , <100,<100 ,<100 , <100,<100 ,<100 , <200,<100 ,<100 , <200,<100 ,<100 , <200,<100 ,<100 , <200,<100 ,<100 , <200,<100 ,<100 , <200,<100 ,<100 , <200,<100 ,<100 , <100,<100 ,<100 , <100,<100 ,<100 , <100,<100 ,<100 , <100,<100 ,<100 , <100,<100 ,<100 , <100,<100 ,<100 , <100,<100 ,<100 , <100,<100 ,<100 , <100,<100 ,<100 , <100,<100 ,<100 , <100,<100 ,<100 , <100,<100 ,<100 , <100,<100 ,<100 , <100
Sweden,... ,... , ...,... ,... , ...,... ,... , ...,... ,... , ...,... ,... , ...,... ,... , ...,... ,... , ...,... ,... , ...,... ,... , ...,... ,... , ...,... ,... , ...,... ,... , ...,... ,... , ...,... ,... , ...,... ,... , ...,... ,... , ...,... ,... , ...,... ,... , ...,... ,... , ...,... ,... , ...,... ,... , ...,... ,... , ...,... ,... , ...,... ,... , ...,... ,... , ...,... ,... , ...,... ,... , ...,... ,... , ...,... ,... , ...,... ,... , ...
Switzerland,... ,... , ...,... ,... , ...,... ,... , ...,... ,... , ...,... ,... , ...,... ,... , ...,... ,... , ...,... ,... , ...,... ,... , ...,... ,... , ...,... ,... , ...,... ,... , ...,... ,... , ...,... ,... , ...,... ,... , ...,... ,... , ...,... ,... , ...,... ,... , ...,... ,... , ...,... ,... , ...,... ,... , ...,... ,... , ...,... ,... , ...,... ,... , ...,... ,... , ...,... ,... , ...,... ,... , ...,... ,... , ...,... ,... , ...,... ,... , ...
Syrian Arab Republic,<100 ,<100 , <100,<100 ,<100 , <100,<100 ,<100 , <100,<100 ,<100 , <100,<100 ,<100 , <100,<100 ,<100 , <100,<100 ,<100 , <100,<100 ,<100 , <100,<100 ,<100 , <100,<100 ,<100 , <100,<100 ,<100 , <100,<100 ,<100 , <100,<100 ,<100 , <100,<100 ,<100 , <100,<100 ,<100 , <100,<100 ,<100 , <100,<100 ,<100 , <100,<100 ,<100 , <100,<100 ,<100 , <100,<100 ,<100 , <100,<100 ,<100 , <100,<100 ,<100 , <100,<100 ,<100 , <100,<100 ,<100 , <100,<100 ,<100 , <100,<100 ,<100 , <100,<100 ,<100 , <100,<100 ,<100 , <100,<100 ,<100 , <100,<100 ,<100 , <100
Tajikistan,<100 ,<100 , <100,<100 ,<100 , <100,<100 ,<100 , <100,<100 ,<100 , <100,<100 ,<100 , <100,<100 ,<100 , <100,<100 ,<100 , <100,<100 ,<100 , <100,<100 ,<100 , <100,<100 ,<100 , <100,<100 ,<100 , <100,<100 ,<100 , <100,<100 ,<100 , <100,<100 ,<100 , <100,<100 ,<100 , <100,<100 ,<100 , <100,<100 ,<100 , <100,<100 ,<100 , <100,<100 ,<100 , <100,<100 ,<100 , <100,<100 ,<100 , <100,<100 ,<100 , <100,<100 ,<100 , <100,<100 ,<100 , <100,<100 ,<100 , <100,<100 ,<100 , <100,<100 ,<100 , <100,<100 ,<100 , <100,<100 ,<100 , <100,<100 ,<100 , <100
Thailand,<100 ,<100 , <200,<500 ,<200 , <1000,<1000 ,<500 , 1400,1800 ,<1000 , 2700,2900 ,1600 , 4400,4500 ,2700 , 6300,6300 ,4000 , 8700,8300 ,5800 , 11 000,11 000 ,7800 , 14 000,13 000 ,9900 , 16 000,15 000 ,12 000 , 18 000,16 000 ,14 000 , 19 000,17 000 ,15 000 , 20 000,17 000 ,15 000 , 20 000,16 000 ,14 000 , 18 000,13 000 ,11 000 , 15 000,10 000 ,7600 , 12 000,8600 ,6400 , 11 000,8300 ,5800 , 11 000,8200 ,5800 , 11 000,8300 ,5800 , 11 000,8100 ,5700 , 11 000,8000 ,5400 , 11 000,8300 ,5500 , 12 000,8200 ,5400 , 12 000,8100 ,5200 , 12 000,8100 ,5200 , 12 000,7800 ,5200 , 12 000,7200 ,5200 , 11 000,6400 ,4900 , 9300
Timor-Leste,<100 ,<100 , <100,<100 ,<100 , <100,<100 ,<100 , <100,<100 ,<100 , <100,<100 ,<100 , <100,<100 ,<100 , <100,<100 ,<100 , <100,<100 ,<100 , <100,<100 ,<100 , <100,<100 ,<100 , <100,<100 ,<100 , <100,<100 ,<100 , <100,<100 ,<100 , <100,<100 ,<100 , <100,<100 ,<100 , <100,<100 ,<100 , <100,<100 ,<100 , <100,<100 ,<100 , <100,<100 ,<100 , <100,<100 ,<100 , <100,<100 ,<100 , <100,<100 ,<100 , <100,<100 ,<100 , <100,<100 ,<100 , <100,<100 ,<100 , <100,<100 ,<100 , <100,<100 ,<100 , <100,<100 ,<100 , <100,<100 ,<100 , <100,<100 ,<100 , <100
Togo,<1000 ,<500 , <1000,<1000 ,<500 , <1000,<1000 ,<1000 , 1100,<1000 ,<1000 , 1300,1100 ,<1000 , 1500,1200 ,<1000 , 1800,1400 ,1000 , 2000,1600 ,1200 , 2300,1900 ,1400 , 2600,2100 ,1600 , 2900,2400 ,1800 , 3300,2600 ,1900 , 3500,2900 ,2100 , 3800,3000 ,2200 , 3900,3000 ,2200 , 3900,3000 ,2200 , 3800,2600 ,1900 , 3300,2700 ,2000 , 3400,2900 ,2200 , 3600,2700 ,2000 , 3300,2200 ,1600 , 2800,1700 ,1200 , 2200,1500 ,1100 , 2000,1300 ,<1000 , 1700,1200 ,<1000 , 1600,1200 ,<1000 , 1600,1200 ,<1000 , 1600,1100 ,<1000 , 1500,<1000 ,<1000 , 1200,<1000 ,<1000 , 1100
Trinidad and Tobago,<100 ,<100 , <100,<100 ,<100 , <100,<100 ,<100 , <100,<100 ,<100 , <100,<100 ,<100 , <100,<100 ,<100 , <200,<100 ,<100 , <200,<200 ,<100 , <200,<200 ,<100 , <200,<200 ,<200 , <500,<200 ,<200 , <500,<200 ,<200 , <500,<200 ,<200 , <500,<200 ,<200 , <500,<200 ,<200 , <200,<200 ,<200 , <200,<200 ,<100 , <200,<200 ,<100 , <200,<200 ,<100 , <200,<200 ,<100 , <200,<200 ,<100 , <200,<100 ,<100 , <200,<100 ,<100 , <100,<100 ,<100 , <100,<100 ,<100 , <100,<100 ,<100 , <100,<100 ,<100 , <100,<100 ,<100 , <200,<200 ,<100 , <200,<200 ,<100 , <200
Tunisia,<100 ,<100 , <100,<100 ,<100 , <100,<100 ,<100 , <100,<100 ,<100 , <100,<100 ,<100 , <100,<100 ,<100 , <100,<100 ,<100 , <100,<100 ,<100 , <100,<100 ,<100 , <100,<100 ,<100 , <100,<100 ,<100 , <100,<100 ,<100 , <100,<100 ,<100 , <100,<100 ,<100 , <100,<100 ,<100 , <100,<100 ,<100 , <100,<100 ,<100 , <100,<100 ,<100 , <100,<100 ,<100 , <100,<100 ,<100 , <100,<100 ,<100 , <100,<100 ,<100 , <100,<100 ,<100 , <100,<100 ,<100 , <100,<100 ,<100 , <100,<100 ,<100 , <100,<100 ,<100 , <100,<100 ,<100 , <100,<100 ,<100 , <100,<100 ,<100 , <100
Turkey,... ,... , ...,... ,... , ...,... ,... , ...,... ,... , ...,... ,... , ...,... ,... , ...,... ,... , ...,... ,... , ...,... ,... , ...,... ,... , ...,... ,... , ...,... ,... , ...,... ,... , ...,... ,... , ...,... ,... , ...,... ,... , ...,... ,... , ...,... ,... , ...,... ,... , ...,... ,... , ...,... ,... , ...,... ,... , ...,... ,... , ...,... ,... , ...,... ,... , ...,... ,... , ...,... ,... , ...,... ,... , ...,... ,... , ...,... ,... , ...
Turkmenistan,... ,... , ...,... ,... , ...,... ,... , ...,... ,... , ...,... ,... , ...,... ,... , ...,... ,... , ...,... ,... , ...,... ,... , ...,... ,... , ...,... ,... , ...,... ,... , ...,... ,... , ...,... ,... , ...,... ,... , ...,... ,... , ...,... ,... , ...,... ,... , ...,... ,... , ...,... ,... , ...,... ,... , ...,... ,... , ...,... ,... , ...,... ,... , ...,... ,... , ...,... ,... , ...,... ,... , ...,... ,... , ...,... ,... , ...,... ,... , ...
Uganda,14 000 ,9000 , 20 000,17 000 ,12 000 , 24 000,20 000 ,14 000 , 27 000,23 000 ,17 000 , 30 000,26 000 ,20 000 , 33 000,29 000 ,22 000 , 36 000,31 000 ,25 000 , 37 000,32 000 ,26 000 , 39 000,33 000 ,28 000 , 40 000,34 000 ,29 000 , 41 000,35 000 ,30 000 , 41 000,36 000 ,31 000 , 41 000,35 000 ,30 000 , 41 000,34 000 ,29 000 , 40 000,33 000 ,28 000 , 38 000,27 000 ,23 000 , 32 000,23 000 ,20 000 , 28 000,26 000 ,22 000 , 32 000,26 000 ,22 000 , 32 000,23 000 ,20 000 , 28 000,22 000 ,19 000 , 28 000,21 000 ,17 000 , 26 000,20 000 ,16 000 , 25 000,15 000 ,12 000 , 19 000,11 000 ,8500 , 15 000,8500 ,6500 , 12 000,7300 ,5500 , 10 000,7400 ,5600 , 10 000,7300 ,5800 , 10 000,6500 ,5200 , 9200
Ukraine,<100 ,<100 , <100,<100 ,<100 , <100,<100 ,<100 , <100,<100 ,<100 , <100,<100 ,<100 , <100,<100 ,<100 , <200,<200 ,<100 , <500,<500 ,<200 , <500,<500 ,<500 , <1000,<1000 ,<500 , 1100,1100 ,<1000 , 1500,1500 ,<1000 , 2000,1900 ,1300 , 2600,2500 ,1700 , 3200,3000 ,2200 , 3800,3400 ,2600 , 4300,3900 ,3000 , 4800,4300 ,3400 , 5200,4500 ,3700 , 5500,4600 ,3800 , 5600,4500 ,3700 , 5400,4500 ,3700 , 5400,4500 ,3800 , 5500,3900 ,3200 , 4800,3400 ,2800 , 4300,3400 ,2700 , 4300,3900 ,3100 , 4900,3200 ,2500 , 4100,2700 ,2100 , 3700,2300 ,1700 , 3100
United Arab Emirates,... ,... , ...,... ,... , ...,... ,... , ...,... ,... , ...,... ,... , ...,... ,... , ...,... ,... , ...,... ,... , ...,... ,... , ...,... ,... , ...,... ,... , ...,... ,... , ...,... ,... , ...,... ,... , ...,... ,... , ...,... ,... , ...,... ,... , ...,... ,... , ...,... ,... , ...,... ,... , ...,... ,... , ...,... ,... , ...,... ,... , ...,... ,... , ...,... ,... , ...,... ,... , ...,... ,... , ...,... ,... , ...,... ,... , ...,... ,... , ...
United Kingdom,... ,... , ...,... ,... , ...,... ,... , ...,... ,... , ...,... ,... , ...,... ,... , ...,... ,... , ...,... ,... , ...,... ,... , ...,... ,... , ...,... ,... , ...,... ,... , ...,... ,... , ...,... ,... , ...,... ,... , ...,... ,... , ...,... ,... , ...,... ,... , ...,... ,... , ...,... ,... , ...,... ,... , ...,... ,... , ...,... ,... , ...,... ,... , ...,... ,... , ...,... ,... , ...,... ,... , ...,... ,... , ...,... ,... , ...,... ,... , ...
United Republic of Tanzania,4800 ,3100 , 6700,6600 ,4300 , 9300,8900 ,5900 , 12 000,12 000 ,7900 , 16 000,15 000 ,10 000 , 20 000,18 000 ,13 000 , 24 000,21 000 ,16 000 , 27 000,25 000 ,19 000 , 31 000,28 000 ,22 000 , 35 000,31 000 ,25 000 , 38 000,34 000 ,28 000 , 41 000,37 000 ,30 000 , 44 000,40 000 ,33 000 , 45 000,42 000 ,35 000 , 47 000,43 000 ,38 000 , 48 000,44 000 ,39 000 , 48 000,41 000 ,37 000 , 44 000,32 000 ,29 000 , 35 000,24 000 ,21 000 , 26 000,24 000 ,21 000 , 27 000,23 000 ,20 000 , 25 000,19 000 ,16 000 , 22 000,19 000 ,17 000 , 22 000,15 000 ,13 000 , 18 000,12 000 ,10 000 , 14 000,11 000 ,9100 , 13 000,9600 ,8000 , 12 000,9500 ,8000 , 11 000,9500 ,7900 , 11 000,9300 ,7700 , 11 000
United States,4600 ,3300 , 5900,5700 ,4200 , 7100,6700 ,5200 , 8100,7600 ,6100 , 9000,8200 ,6600 , 9600,8700 ,7100 , 10 000,6100 ,4900 , 7100,3200 ,2400 , 3900,1900 ,1400 , 2600,1900 ,1300 , 2600,2300 ,1600 , 3300,2300 ,1600 , 3400,2100 ,1500 , 2900,2000 ,1400 , 2800,2000 ,1400 , 2700,2000 ,1500 , 2800,2000 ,1500 , 2700,2000 ,1500 , 2700,2200 ,1700 , 2900,2200 ,1600 , 3000,2300 ,1600 , 3100,2200 ,1500 , 3000,1800 ,1200 , 2500,1500 ,1000 , 2200,1400 ,<1000 , 1900,1300 ,<1000 , 1900,1300 ,<1000 , 1900,1400 ,<1000 , 1900,1400 ,<1000 , 1900,... ,... , ...
Uruguay,... ,... , ...,... ,... , ...,... ,... , ...,... ,... , ...,... ,... , ...,... ,... , ...,... ,... , ...,... ,... , ...,... ,... , ...,... ,... , ...,... ,... , ...,... ,... , ...,... ,... , ...,... ,... , ...,... ,... , ...,... ,... , ...,... ,... , ...,... ,... , ...,... ,... , ...,... ,... , ...,... ,... , ...,... ,... , ...,... ,... , ...,... ,... , ...,... ,... , ...,... ,... , ...,... ,... , ...,... ,... , ...,... ,... , ...,... ,... , ...
Uzbekistan,<100 ,<100 , <100,<100 ,<100 , <100,<100 ,<100 , <100,<100 ,<100 , <100,<100 ,<100 , <100,<100 ,<100 , <100,<100 ,<100 , <100,<100 ,<100 , <100,<100 ,<100 , <100,<100 ,<100 , <100,<100 ,<100 , <100,<100 ,<100 , <100,<100 ,<100 , <100,<100 ,<100 , <100,<100 ,<100 , <100,<100 ,<100 , <200,<100 ,<100 , <200,<100 ,<100 , <100,<100 ,<100 , <100,<100 ,<100 , <100,<100 ,<100 , <100,<100 ,<100 , <100,<100 ,<100 , <100,<100 ,<100 , <200,<200 ,<100 , <200,<200 ,<200 , <200,<200 ,<200 , <200,<200 ,<100 , <200,<100 ,<100 , <100,<100 ,<100 , <100
Venezuela (Bolivarian Republic of),<200 ,<200 , <500,<200 ,<200 , <500,<500 ,<200 , <500,<500 ,<200 , <500,<500 ,<500 , <500,<500 ,<500 , <500,<500 ,<500 , <500,<500 ,<500 , <1000,<1000 ,<500 , <1000,<1000 ,<500 , <1000,<1000 ,<1000 , <1000,<1000 ,<1000 , <1000,<1000 ,<1000 , <1000,<1000 ,<1000 , <1000,<1000 ,<1000 , 1000,<1000 ,<1000 , 1200,1000 ,<1000 , 1300,<1000 ,<1000 , 1100,1000 ,<1000 , 1200,1100 ,<1000 , 1400,1200 ,<1000 , 1500,1300 ,<1000 , 1600,1500 ,1200 , 1800,1700 ,1400 , 2100,2000 ,1600 , 2400,2000 ,1600 , 2500,1500 ,1200 , 1900,2000 ,1600 , 2500,... ,... , ...,... ,... , ...
Viet Nam,<100 ,<100 , <100,<100 ,<100 , <100,<100 ,<100 , <100,<100 ,<100 , <200,<200 ,<100 , <500,<500 ,<200 , <500,<1000 ,<500 , <1000,<1000 ,<500 , 1200,1200 ,<1000 , 1700,1600 ,1100 , 2200,2100 ,1500 , 2700,2600 ,1800 , 3200,3000 ,2300 , 3800,3500 ,2700 , 4200,3900 ,3100 , 4700,4300 ,3500 , 5100,4300 ,3500 , 5000,3400 ,2700 , 4000,3100 ,2500 , 3700,3000 ,2400 , 3600,2900 ,2200 , 3400,2700 ,2100 , 3200,2200 ,1700 , 2700,1700 ,1300 , 2200,1600 ,1200 , 2200,1500 ,1100 , 2100,1300 ,<1000 , 1800,1100 ,<1000 , 1600,1000 ,<1000 , 1500,<1000 ,<1000 , 1500
Yemen,<100 ,<100 , <100,<100 ,<100 , <100,<100 ,<100 , <100,<100 ,<100 , <100,<100 ,<100 , <100,<100 ,<100 , <100,<100 ,<100 , <100,<100 ,<100 , <100,<100 ,<100 , <100,<100 ,<100 , <100,<100 ,<100 , <100,<100 ,<100 , <100,<100 ,<100 , <100,<100 ,<100 , <100,<100 ,<100 , <100,<100 ,<100 , <100,<100 ,<100 , <100,<100 ,<100 , <100,<100 ,<100 , <100,<100 ,<100 , <100,<100 ,<100 , <100,<100 ,<100 , <100,<100 ,<100 , <100,<100 ,<100 , <100,<100 ,<100 , <100,<100 ,<100 , <100,<100 ,<100 , <100,<100 ,<100 , <100,<100 ,<100 , <100,<100 ,<100 , <100
Zambia,2500 ,2000 , 3000,3600 ,2900 , 4300,4900 ,4000 , 5900,6600 ,5300 , 7900,8400 ,6900 , 10 000,11 000 ,8600 , 13 000,13 000 ,10 000 , 15 000,15 000 ,12 000 , 18 000,17 000 ,14 000 , 21 000,20 000 ,16 000 , 24 000,22 000 ,18 000 , 26 000,24 000 ,19 000 , 28 000,25 000 ,20 000 , 30 000,26 000 ,21 000 , 31 000,23 000 ,19 000 , 28 000,21 000 ,17 000 , 26 000,20 000 ,16 000 , 24 000,17 000 ,14 000 , 21 000,13 000 ,11 000 , 16 000,11 000 ,8600 , 13 000,8800 ,7200 , 11 000,7800 ,6300 , 9400,7400 ,6000 , 8900,7000 ,5700 , 8500,7100 ,5800 , 8600,7300 ,6000 , 8800,7100 ,5800 , 8600,6700 ,5400 , 8100,7000 ,5700 , 8500,7500 ,6100 , 9000
Zimbabwe,4700 ,3800 , 5800,7100 ,5700 , 8900,10 000 ,8300 , 13 000,14 000 ,11 000 , 18 000,19 000 ,15 000 , 23 000,23 000 ,19 000 , 29 000,29 000 ,23 000 , 36 000,34 000 ,27 000 , 42 000,39 000 ,31 000 , 48 000,43 000 ,34 000 , 53 000,46 000 ,37 000 , 58 000,49 000 ,39 000 , 61 000,51 000 ,41 000 , 63 000,52 000 ,42 000 , 64 000,52 000 ,42 000 , 64 000,48 000 ,39 000 , 60 000,44 000 ,35 000 , 54 000,38 000 ,31 000 , 47 000,33 000 ,26 000 , 40 000,27 000 ,22 000 , 34 000,22 000 ,17 000 , 27 000,16 000 ,13 000 , 19 000,12 000 ,9800 , 15 000,10 000 ,8300 , 13 000,9700 ,7900 , 12 000,9900 ,8000 , 12 000,9700 ,7800 , 12 000,9900 ,8000 , 12 000,9800 ,7900 , 12 000,8800 ,7100 , 11 000
Global,71 000 ,51 000,100 000,97 000 ,69 000,140 000,130 000 ,91 000,180 000,170 000 ,120 000,230 000,210 000 ,150 000,290 000,260 000 ,180 000,360 000,310 000 ,220 000,440 000,360 000 ,260 000,510 000,420 000 ,300 000,590 000,480 000 ,340 000,670 000,540 000 ,390 000,760 000,600 000 ,430 000,840 000,650 000 ,460 000,910 000,690 000 ,490 000,970 000,720 000 ,510 000,1 000 000,710 000 ,500 000,990 000,670 000 ,480 000,950 000,610 000 ,440 000,860 000,540 000 ,390 000,770 000,490 000 ,350 000,690 000,450 000 ,320 000,630 000,410 000 ,290 000,580 000,380 000 ,270 000,540 000,350 000 ,250 000,490 000,320 000 ,230 000,450 000,310 000 ,220 000,430 000,290 000 ,210 000,410 000,280 000 ,200 000,390 000,270 000 ,190 000,380 000,250 000 ,180 000,360 000