Country,2000,2000_lower, 2000_upper, 2001,2001_lower, 2001_upper, 2002,2002_lower, 2002_upper, 2003,2003_lower, 2003_upper, 2004,2004_lower, 2004_upper, 2005,2005_lower, 2005_upper, 2006,2006_lower, 2006_upper, 2007,2007_lower, 2007_upper, 2008,2008_lower, 2008_upper, 2009,2009_lower, 2009_upper, 2010,2010_lower, 2010_upper, 2011,2011_lower, 2011_upper, 2012,2012_lower, 2012_upper, 2013,2013_lower, 2013_upper, 2014,2014_lower, 2014_upper, 2015,2015_lower, 2015_upper, 2016,2016_lower, 2016_upper, 2017,2017_lower, 2017_upper
Afghanistan,,,,,,,,,,,,,,,,,,,,,,<0.1 ,<0.1 , <0.1,<0.1 ,<0.1 , <0.1,2.9 ,1.4 , 9.3,1.1 ,0.5 , 3.7,2.0 ,0.9 , 7.2,2.2 ,1.0 , 9.0,,,,,,,1.1 ,0.8 , 1.7,2.8 ,2.0 , 4.4,1.4 ,1.0 , 2.2
Albania,,,,,,,,,,<0.1 ,<0.1 , Nil,,,,,,,192.4 ,120.6 , Nil,57.9 ,36.3 , Nil,201.4 ,126.2 , 371.3,247.7 ,155.2 , 456.8,<0.1 ,<0.1 , <0.1,62.3 ,39.1 , 114.8,195.9 ,122.9 , 360.4,42.6 ,26.8 , 78.4,43.7 ,27.5 , 80.5,100.0 ,70.0 , 154.5,100.0 ,70.0 , 154.5,80.4 ,56.3 , 124.2
Algeria,,,,,,,,,,,,,,,,,,,,,,,,,,,,,,,,,,,,,,,,,,,,,,,,,,,,114.6 ,70.4 , 219.1
Angola,,,,,,,,,,,,,,,,,,,,,,0.5 ,0.3 , 1.0,,,,0.2 ,0.1 , 0.4,4.8 ,2.8 , 9.6,5.1 ,3.0 , 10.2,7.1 ,4.2 , 14.1,,,,,,,,,,,,,7.7 ,4.6 , 15.4
Antigua and Barbuda,,,,,,,,,,,,,87.2 ,75.3 , 102.2,87.0 ,75.1 , 101.9,87.0 ,75.1 , 101.9,,,,,,,,,,328.0 ,255.6 , 436.6,86.9 ,74.2 , 103.3,115.9 ,100.1 , 135.8,64.4 ,55.3 , 75.8,87.0 ,75.1 , Nil,,,,,,,<0.1 ,<0.1 , <0.1
Argentina,,,,,,,,,,,,,,,,,,,,,,,,,60.2 ,38.6 , 107.0,,,,,,,,,,,,,,,,,,,,,,28.2 ,19.8 , 43.6,10.7 ,7.1 , 18.2
Armenia,,,,,,,,,,,,,<0.1 ,<0.1 , <0.1,5.3 ,4.2 , 7.1,36.7 ,28.6 , 48.8,14.0 ,10.9 , 18.6,3.6 ,2.8 , 4.7,22.7 ,17.7 , 30.1,29.3 ,22.8 , 38.9,74.0 ,58.2 , 97.1,69.7 ,55.0 , 91.4,58.1 ,45.8 , 76.2,51.9 ,40.9 , 68.1,80.0 ,56.0 , 123.6,77.3 ,54.1 , 119.4,70.6 ,49.4 , 109.0
Australia,,,,,,,,,,31.7 ,26.5 , 38.5,,,,<0.1 ,<0.1 , <0.1,2.2 ,1.8 , 2.6,22.4 ,18.7 , 27.2,17.4 ,14.5 , 21.5,,,,,,,,,,,,,,,,,,,,,,,,,,,
Azerbaijan,,,,,,,,,,<0.1 ,<0.1 , <0.1,,,,,,,,,,,,,,,,,,,,,,25.6 ,20.1 , 33.6,48.2 ,38.0 , 63.2,67.7 ,53.3 , 88.8,66.1 ,52.0 , 86.8,70.4 ,49.3 , 108.7,60.6 ,42.4 , 93.7,49.4 ,34.6 , 76.4
Bahamas,,,,,,,,,,73.7 ,63.4 , 86.6,,,,,,,,,,19.6 ,17.0 , 23.0,54.4 ,46.8 , 64.1,59.3 ,51.2 , 69.4,69.4 ,60.0 , 81.3,59.4 ,51.3 , 69.6,54.4 ,46.9 , 63.7,43.5 ,37.6 , 50.9,47.6 ,39.6 , 58.4,29.5 ,25.4 , 34.6,56.0 ,39.2 , 86.6,51.9 ,44.5 , 61.3
Bahrain,,,,,,,,,,<0.1 ,<0.1 , <0.1,<0.1 ,<0.1 , <0.1,<0.1 ,<0.1 , <0.1,<0.1 ,<0.1 , <0.1,<0.1 ,<0.1 , <0.1,8.9 ,7.6 , 10.6,<0.1 ,<0.1 , <0.1,<0.1 ,<0.1 , <0.1,<0.1 ,<0.1 , <0.1,8.2 ,6.9 , 9.8,<0.1 ,<0.1 , <0.1,,,,,,,11.9 ,10.1 , 14.3,24.5 ,20.8 , 29.3
Bangladesh,,,,,,,,,,<0.1 ,<0.1 , <0.1,,,,,,,,,,,,,5.1 ,3.1 , 10.3,0.2 ,0.1 , 0.5,0.9 ,0.5 , 1.7,11.0 ,6.5 , 22.0,12.7 ,7.6 , 25.6,13.6 ,8.1 , 27.4,8.8 ,5.3 , 17.8,16.4 ,9.8 , 33.0,13.8 ,8.2 , 27.7,15.3 ,9.1 , 30.7
Barbados,,,,,,,,,,,,,,,,,,,87.0 ,75.1 , 101.9,14.4 ,12.4 , 16.9,87.0 ,75.1 , 101.9,,,,87.0 ,75.1 , 101.9,,,,43.5 ,36.4 , 53.0,43.5 ,36.4 , 52.9,34.8 ,29.1 , 42.4,,,,<0.1 ,<0.1 , <0.1,,,
Belarus,,,,,,,,,,,,,,,,,,,,,,,,,,,,,,,,,,23.9 ,18.8 , 31.5,57.6 ,47.0 , 72.4,63.1 ,50.7 , 80.9,54.5 ,41.2 , 75.7,49.7 ,38.2 , 67.3,57.6 ,40.3 , 89.0,57.1 ,45.0 , 75.0
Belize,,,,,,,,,,18.2 ,15.6 , 21.4,27.4 ,23.5 , 32.4,61.5 ,53.1 , 72.0,31.0 ,26.8 , 36.3,87.0 ,75.1 , 101.9,87.0 ,75.1 , 101.9,79.8 ,68.9 , 93.6,74.8 ,64.6 , 87.7,112.6 ,95.7 , 134.4,87.0 ,75.1 , 101.9,67.4 ,58.2 , 78.9,111.0 ,93.1 , 134.6,56.1 ,48.4 , 66.0,90.7 ,63.5 , 140.1,83.9 ,58.7 , 129.6
Benin,,,,,,,,,,,,,,,,,,,24.8 ,17.2 , 38.9,24.1 ,16.8 , 37.6,26.6 ,18.5 , 41.6,27.1 ,18.8 , 42.2,34.4 ,23.9 , 53.8,49.4 ,34.4 , 76.9,54.3 ,37.8 , 84.7,52.1 ,36.2 , 81.4,,,,54.6 ,38.2 , 84.4,53.2 ,37.3 , 82.2,49.5 ,34.3 , 77.4
Bhutan,,,,,,,,,,,,,,,,,,,,,,,,,,,,,,,,,,,,,,,,20.1 ,15.5 , 27.2,52.8 ,41.1 , 70.3,53.9 ,42.0 , 71.8,40.0 ,28.0 , 61.8,79.9 ,55.9 , 123.5
Bolivia (Plurinational State of),,,,,,,,,,,,,<0.1 ,<0.1 , <0.1,<0.1 ,<0.1 , <0.1,,,,0.2 ,0.2 , 0.4,0.7 ,0.5 , 1.1,6.6 ,4.5 , 10.4,26.0 ,17.9 , 41.1,28.0 ,19.3 , 44.3,39.6 ,27.3 , 62.6,14.4 ,9.9 , 22.6,33.7 ,23.4 , 53.0,33.1 ,23.0 , 52.0,38.8 ,27.0 , 60.3,47.8 ,33.4 , 74.2
Bosnia and Herzegovina,,,,,,,,,,,,,,,,,,,,,,,,,<0.1 ,<0.1 , <0.1,<0.1 ,<0.1 , <0.1,<0.1 ,<0.1 , <0.1,<0.1 ,<0.1 , <0.1,<0.1 ,<0.1 , <0.1,,,,,,,,,,43.9 ,30.7 , 67.8,,,
Botswana,,,,,,,,,,,,,,,,,,,,,,12.4 ,8.6 , 19.6,16.7 ,12.5 , 23.4,22.1 ,17.3 , 29.2,25.5 ,17.7 , 40.0,35.8 ,24.9 , 55.7,50.6 ,38.9 , 68.4,59.1 ,47.0 , 76.3,51.3 ,38.9 , 70.8,44.9 ,31.2 , 70.2,48.7 ,38.3 , 63.8,74.5 ,52.1 , 115.1
Brazil,,,,,,,,,,48.7 ,40.7 , 59.3,27.7 ,23.2 , 33.7,42.8 ,36.3 , 51.3,50.1 ,41.1 , 62.4,48.6 ,40.2 , 59.9,45.6 ,38.1 , 55.5,48.3 ,40.7 , 58.4,56.8 ,48.1 , 68.3,61.1 ,51.8 , 73.1,64.9 ,55.2 , 77.5,,,,,,,23.0 ,19.6 , 27.3,28.8 ,24.5 , 34.4,34.7 ,29.5 , 41.4
Brunei Darussalam,,,,,,,,,,78.6 ,68.0 , 92.1,<0.1 ,<0.1 , Nil,<0.1 ,<0.1 , <0.1,,,,,,,,,,87.0 ,75.1 , 101.9,87.0 ,75.1 , Nil,87.0 ,75.1 , 101.9,87.0 ,75.1 , 101.9,,,,,,,87.0 ,60.9 , Nil,87.0 ,60.9 , 134.4,87.0 ,60.9 , 134.4
Bulgaria,,,,,,,,,,217.4 ,169.4 , 289.2,,,,,,,<0.1 ,<0.1 , <0.1,<0.1 ,<0.1 , <0.1,<0.1 ,<0.1 , <0.1,<0.1 ,<0.1 , <0.1,58.8 ,45.8 , 78.2,62.6 ,48.8 , 83.1,58.2 ,45.3 , 77.4,,,,,,,,,,<0.1 ,<0.1 , <0.1,100.0 ,70.0 , 154.5
Burkina Faso,,,,,,,,,,,,,,,,6.5 ,4.5 , 10.4,10.2 ,7.1 , 16.2,14.9 ,9.9 , 24.6,22.9 ,15.8 , 35.9,26.9 ,18.6 , 42.2,31.5 ,21.8 , 49.5,39.3 ,27.2 , 61.7,39.8 ,27.6 , 62.2,48.0 ,33.3 , 75.0,52.5 ,36.5 , 82.2,44.6 ,31.0 , 69.6,46.3 ,32.1 , 72.7,45.3 ,31.4 , 71.1
Burundi,,,,,,,,,,,,,,,,,,,,,,,,,1.1 ,0.8 , 1.7,14.4 ,9.9 , 22.7,17.6 ,12.2 , 27.7,18.6 ,12.8 , 29.5,25.3 ,17.5 , 39.8,34.3 ,23.8 , 53.7,36.2 ,25.1 , 56.8,51.1 ,35.4 , 80.3,53.1 ,36.9 , 82.9,59.9 ,41.9 , 92.6
Cabo Verde,,,,,,,,,,<0.1 ,<0.1 , <0.1,,,,41.0 ,28.3 , 64.8,,,,21.9 ,15.2 , 34.2,,,,,,,,,,,,,56.2 ,38.9 , 88.5,39.1 ,26.9 , 61.8,36.9 ,25.4 , 58.4,28.0 ,19.3 , 44.4,35.0 ,24.1 , 55.6,31.9 ,21.9 , 50.7
Cambodia,,,,,,,,,,,,,,,,,,,6.9 ,4.6 , 11.2,11.4 ,7.7 , 18.6,13.7 ,9.0 , 23.2,10.9 ,7.4 , 17.7,24.8 ,16.7 , 40.9,39.6 ,27.4 , 61.9,47.0 ,32.6 , 73.6,50.5 ,34.9 , 79.2,54.0 ,37.6 , 84.3,46.3 ,32.1 , 72.6,53.1 ,36.8 , 83.2,53.2 ,38.4 , 78.4
Cameroon,,,,,,,,,,,,,,,,,,,0.6 ,0.4 , 0.9,9.5 ,6.6 , 15.2,12.4 ,8.5 , 19.8,19.5 ,13.2 , 31.9,22.7 ,15.3 , 37.1,25.0 ,17.2 , 39.6,27.3 ,18.8 , 43.1,31.0 ,21.4 , 49.0,32.7 ,22.6 , 51.5,39.5 ,27.4 , 62.1,46.5 ,32.2 , 72.9,50.7 ,35.1 , 79.6
Central African Republic,,,,,,,,,,,,,,,,,,,,,,,,,,,,5.2 ,3.3 , 9.3,7.1 ,4.5 , 12.7,1.0 ,0.6 , 1.8,15.1 ,9.6 , 27.3,19.1 ,12.1 , 34.7,,,,,,,25.6 ,16.0 , 47.4,24.8 ,15.5 , 46.0
Chad,,,,,,,,,,<0.1 ,<0.1 , <0.1,,,,,,,<0.1 ,<0.1 , <0.1,<0.1 ,<0.1 , <0.1,,,,10.7 ,6.4 , 21.5,10.4 ,6.2 , 20.9,14.0 ,8.3 , 28.1,15.0 ,8.9 , 30.2,20.7 ,12.3 , 41.8,23.4 ,13.9 , 47.4,30.5 ,21.4 , 47.2,<0.1 ,<0.1 , <0.1,,,
Chile,,,,,,,,,,,,,,,,,,,,,,,,,,,,,,,,,,,,,,,,,,,25.8 ,16.8 , 44.7,,,,,,,,,
China,,,,,,,,,,,,,,,,,,,0.5 ,0.3 , 0.9,4.1 ,2.5 , 8.2,4.6 ,2.7 , 9.2,8.9 ,5.3 , 18.2,17.6 ,10.3 , 36.7,14.4 ,8.3 , 30.9,29.5 ,16.7 , 65.4,27.8 ,15.6 , 63.5,33.0 ,18.2 , 77.6,34.9 ,24.5 , 54.0,38.2 ,26.8 , 59.1,,,
Colombia,,,,,,,,,,,,,,,,,,,50.6 ,39.4 , 67.5,45.7 ,36.1 , 59.7,,,,14.3 ,10.4 , 21.1,20.0 ,14.8 , 28.6,18.4 ,14.1 , 24.9,24.7 ,19.3 , 32.6,22.4 ,17.5 , 29.9,42.3 ,33.3 , 55.6,45.9 ,32.2 , 71.0,46.5 ,32.5 , 71.8,40.2 ,31.5 , 52.9
Comoros,,,,,,,,,,,,,,,,50.4 ,34.9 , 79.1,<0.1 ,<0.1 , <0.1,,<0.1 , Nil,,,,,<0.1 , Nil,,<0.1 , Nil,122.4 ,13.5 , Nil,50.4 ,34.9 , 79.0,49.2 ,34.1 , 77.2,11.9 ,8.3 , 18.7,,,,<0.1 ,<0.1 , <0.1,,,
Congo,,,,,,,,,,,,,,,,,,,<0.1 ,<0.1 , <0.1,3.9 ,2.5 , 7.4,0.8 ,0.5 , 1.4,<0.1 ,<0.1 , <0.1,0.5 ,0.3 , 0.9,3.7 ,2.4 , 6.4,3.1 ,2.0 , 5.3,2.6 ,1.6 , 4.9,1.8 ,1.1 , 3.5,3.2 ,2.0 , 6.1,4.4 ,2.7 , 8.5,3.5 ,2.2 , 6.8
Costa Rica,,,,,,,,,,41.2 ,32.4 , 54.3,,,,73.0 ,55.8 , 99.6,,,,,,,,,,,,,<0.1 ,<0.1 , <0.1,<0.1 ,<0.1 , <0.1,95.6 ,75.1 , 125.9,76.4 ,60.2 , 100.2,79.0 ,62.2 , 103.8,66.9 ,52.7 , 87.6,79.0 ,55.3 , 122.0,54.8 ,43.1 , 72.1
Cuba,,,,,,,,,,,1296.9 , Nil,88.2 ,75.9 , Nil,,,,985.9 ,103.2 , Nil,676.4 ,102.6 , Nil,412.5 ,123.2 , Nil,69.8 ,60.4 , 81.5,56.7 ,48.9 , 66.4,173.5 ,147.5 , 207.2,63.0 ,54.1 , 74.4,43.2 ,37.3 , 50.6,72.7 ,62.7 , 85.1,70.9 ,61.2 , 83.2,96.0 ,67.2 , 148.4,100.0 ,70.0 , 154.5
Cyprus,,,,,,,,,,<0.1 ,<0.1 , Nil,,,,<0.1 ,<0.1 , Nil,,<0.1 , Nil,,<0.1 , Nil,,66.7 , Nil,,,,,,,,,,,,,,,,,,,,,,,,,,,
CÃ´te d'Ivoire,,,,,,,,,,,,,<0.1 ,<0.1 , <0.1,1.5 ,1.0 , 2.3,7.0 ,4.9 , 11.1,8.5 ,5.9 , 13.5,8.8 ,6.1 , 13.9,14.2 ,9.8 , 22.6,10.7 ,7.4 , 16.9,17.3 ,11.9 , 27.2,30.2 ,21.0 , 47.4,42.7 ,31.4 , 61.2,44.5 ,30.9 , 69.5,45.6 ,31.7 , 71.4,50.8 ,35.1 , 79.7,55.2 ,38.2 , 86.7
Democratic People's Republic of Korea,,,,,,,,,,<0.1 ,<0.1 , <0.1,,,,,,,,,,<0.1 ,<0.1 , <0.1,<0.1 ,<0.1 , <0.1,<0.1 ,<0.1 , <0.1,<0.1 ,<0.1 , <0.1,<0.1 ,<0.1 , <0.1,<0.1 ,<0.1 , <0.1,<0.1 ,<0.1 , <0.1,<0.1 ,<0.1 , <0.1,<0.1 ,<0.1 , <0.1,,,,,,
Democratic Republic of the Congo,,,,,,,<0.1 ,<0.1 , <0.1,<0.1 ,<0.1 , <0.1,,,,<0.1 ,<0.1 , <0.1,0.4 ,0.2 , 0.8,1.4 ,0.8 , 2.9,2.5 ,1.5 , 5.2,4.8 ,2.8 , 9.8,1.8 ,1.1 , 3.8,4.3 ,2.5 , 9.0,9.2 ,5.4 , 19.2,14.2 ,8.3 , 29.7,21.0 ,12.2 , 44.1,22.3 ,13.0 , 47.2,30.5 ,21.4 , 47.2,39.9 ,27.9 , 61.6
Denmark,,,,,,,,,,,,,,,,,,,,<0.1 , Nil,,<0.1 , Nil,,,,,,,,,,,,,,,,,,,,,,,,,,,,,,
Djibouti,,,,,,,,,,1.1 ,0.9 , 1.5,2.6 ,2.0 , 3.5,3.8 ,2.9 , 5.1,18.6 ,14.4 , 24.9,,,,11.4 ,8.7 , 15.5,10.0 ,7.8 , 13.5,4.5 ,3.5 , 6.1,6.2 ,4.3 , 9.5,13.5 ,10.5 , 17.9,7.4 ,5.8 , 10.0,46.1 ,36.2 , 60.7,69.7 ,54.8 , 91.7,54.5 ,42.8 , 71.6,38.7 ,30.4 , 51.0
Dominica,,,,,,,,,,,,,,,,,,,<0.1 ,<0.1 , <0.1,,<0.1 , Nil,26.8 ,22.9 , 31.7,87.0 ,74.5 , Nil,,,,,,,<0.1 ,<0.1 , <0.1,29.0 ,24.6 , 34.7,,,,,,,87.0 ,60.9 , Nil,,,
Dominican Republic,,,,,,,,,,<0.1 ,<0.1 , <0.1,<0.1 ,<0.1 , <0.1,<0.1 ,<0.1 , <0.1,,,,,,,<0.1 ,<0.1 , <0.1,<0.1 ,<0.1 , <0.1,3.4 ,2.2 , 5.8,65.6 ,43.4 , 110.9,29.8 ,21.4 , 44.2,55.8 ,42.3 , 77.0,46.0 ,34.7 , 63.9,51.5 ,39.1 , 70.9,24.7 ,19.1 , 33.2,36.6 ,28.7 , 48.4
Ecuador,,,,,,,,,,11.1 ,7.5 , 18.2,,,,,,,,,,45.9 ,31.0 , 75.2,58.1 ,39.2 , 95.2,61.5 ,41.2 , 101.7,59.0 ,39.7 , 96.8,,,,62.0 ,42.0 , 100.7,63.9 ,44.2 , 100.4,58.4 ,40.5 , 91.6,43.4 ,30.2 , 67.7,55.0 ,38.5 , 85.0,81.7 ,64.2 , 107.6
Egypt,,,,,,,,,,12.1 ,7.8 , 21.6,,,,,,,64.0 ,41.0 , 113.9,45.4 ,29.1 , 80.6,43.0 ,27.5 , 76.4,50.0 ,32.0 , 89.2,29.5 ,18.8 , 52.7,47.0 ,30.0 , 84.1,62.2 ,39.6 , 111.6,24.2 ,15.4 , 43.4,41.3 ,26.3 , 74.2,46.5 ,29.6 , 83.4,52.2 ,36.6 , 80.7,100.0 ,70.0 , 154.5
El Salvador,,,,,,,,,,13.2 ,10.3 , 17.6,5.4 ,4.2 , 7.1,29.6 ,23.2 , 39.1,26.4 ,20.8 , 34.6,30.3 ,23.9 , 39.9,34.8 ,27.4 , 45.6,28.6 ,22.5 , 37.5,47.3 ,37.2 , 62.0,59.1 ,46.6 , 77.5,66.0 ,52.0 , 86.5,60.2 ,47.4 , 78.9,70.3 ,55.3 , 92.2,63.2 ,44.3 , 97.7,74.7 ,52.3 , 115.4,78.5 ,54.9 , 121.2
Equatorial Guinea,,,,,,,,,,<0.1 ,<0.1 , <0.1,,,,,,,,,,<0.1 ,<0.1 , <0.1,<0.1 ,<0.1 , <0.1,44.4 ,30.8 , 69.7,19.6 ,17.0 , 22.9,10.4 ,9.0 , 12.2,,,,41.5 ,35.3 , 49.5,36.3 ,30.6 , 43.6,29.1 ,24.8 , 34.8,4.1 ,3.5 , 4.9,32.2 ,27.3 , 38.6
Eritrea,,,,,,,,,,,,,,,,,,,,,,,,,,,,,,,,,,,,,<0.1 ,<0.1 , <0.1,7.4 ,4.2 , 16.3,48.1 ,27.4 , 105.6,56.1 ,39.2 , 86.6,58.6 ,41.1 , 90.6,55.7 ,39.0 , 86.1
Estonia,,,,,,,,,,10.3 ,9.0 , 11.9,,,,,,,,,,,,,31.5 ,23.8 , 43.7,55.7 ,49.0 , 63.8,40.1 ,30.7 , 54.7,64.1 ,56.3 , 73.7,65.4 ,57.3 , 75.4,61.0 ,53.8 , 69.7,54.5 ,48.0 , 62.3,74.3 ,64.0 , 87.4,86.1 ,60.3 , 133.0,70.1 ,60.4 , 82.4
Eswatini,,,,,,,,,,,,,,,,,,,2.6 ,1.8 , 4.1,9.4 ,6.4 , 15.1,17.7 ,12.0 , 28.5,18.5 ,13.2 , 27.8,22.2 ,16.9 , 30.5,33.9 ,23.4 , 53.4,46.9 ,31.8 , 76.3,48.2 ,33.2 , 76.5,51.1 ,35.4 , 80.3,68.3 ,47.9 , 105.6,66.1 ,46.3 , 102.1,70.9 ,49.6 , 109.5
Ethiopia,,,,,,,,,,,,,,,,1.1 ,0.7 , 1.7,1.0 ,0.7 , 1.5,7.6 ,5.3 , 11.8,10.1 ,7.0 , 15.8,13.4 ,9.3 , 20.9,11.6 ,8.1 , 18.2,6.7 ,5.0 , 9.4,26.0 ,18.1 , 40.6,29.9 ,20.6 , 47.0,17.4 ,12.0 , 27.4,43.1 ,32.7 , 59.4,50.2 ,36.9 , 72.3,54.2 ,39.9 , 77.9
Fiji,,,,,,,,,,<0.1 ,<0.1 , <0.1,,,,<0.1 ,<0.1 , Nil,,145.2 , Nil,,,,,,,,,,204.6 ,151.5 , 291.7,53.7 ,42.1 , 71.0,58.5 ,45.0 , 79.1,33.9 ,26.7 , 44.5,76.1 ,59.0 , 101.8,72.0 ,56.6 , 94.8,,,,78.1 ,54.7 , 120.6
Finland,,,,,,,,,,,,,,,,,,,,,,,,,,,,,,,,,,,,,,,,,,,,,,51.5 ,36.1 , 79.6,,,,,,
Gabon,,,,,,,,,,,,,,,,,,,,,,,,,11.5 ,7.3 , 21.0,15.4 ,9.6 , 28.6,19.0 ,11.4 , 37.7,,,,46.3 ,35.0 , 64.3,51.5 ,40.3 , 68.2,51.4 ,35.8 , 80.0,39.7 ,28.2 , 59.9,16.5 ,12.1 , 23.9,25.7 ,17.6 , 41.1
Gambia,,,,,,,,,,<0.1 ,<0.1 , <0.1,,,,,,,5.1 ,3.6 , 8.0,2.6 ,1.8 , 4.1,11.2 ,8.7 , 15.0,7.4 ,5.7 , 10.1,18.5 ,12.9 , 28.8,,,,28.5 ,22.2 , 38.1,22.5 ,17.2 , 30.7,31.0 ,24.6 , 40.3,31.1 ,24.1 , 41.7,33.8 ,26.3 , 45.0,34.3 ,26.6 , 45.8
Georgia,,,,,,,,,,<0.1 ,<0.1 , <0.1,5.1 ,3.6 , 8.1,8.2 ,5.7 , 12.9,6.3 ,4.3 , 9.9,15.9 ,11.0 , 25.1,13.9 ,10.6 , 19.0,15.7 ,14.2 , 17.5,25.0 ,21.3 , 29.8,37.1 ,32.0 , 43.5,36.8 ,29.9 , 46.5,52.1 ,39.9 , 71.1,60.1 ,46.9 , 79.9,61.7 ,50.4 , 77.4,72.7 ,61.2 , 87.8,110.1 ,92.3 , 133.6
Germany,,,,,,,,,,23.7 ,15.1 , 42.5,,,,,,,,,,,,,,,,,,,,,,,,,,,,,,,,,,,,,,,,,,
Ghana,,,,,,,,,,5.6 ,3.2 , 12.0,<0.1 ,<0.1 , <0.1,1.9 ,1.1 , 4.0,1.5 ,0.9 , 3.2,4.1 ,2.4 , 8.7,5.3 ,3.1 , 11.1,6.4 ,3.7 , 13.5,4.3 ,2.5 , 9.0,7.5 ,4.4 , 15.7,9.7 ,5.6 , 20.5,9.6 ,5.6 , 20.5,10.6 ,6.1 , 22.5,10.1 ,5.9 , 21.5,12.1 ,7.0 , 25.6,15.4 ,9.0 , 32.6
Greece,,,,,,,,,,,,,,,,,,,,,,,,,,,,,,,,,,,,,,,,98.0 ,62.8 , 174.1,,,,,,,,,,,,
Grenada,,,,,,,,,,,,,,,,,,,,,,,,,,151.2 , Nil,87.0 ,75.1 , Nil,<0.1 ,<0.1 , Nil,,,,,,,,,,,,,87.0 ,60.9 , 134.4,,,,87.0 ,60.9 , 134.4
Guatemala,,,,,,,,,,22.0 ,17.0 , 29.6,97.8 ,75.6 , 131.5,126.5 ,97.8 , 170.2,,,,10.3 ,8.0 , 13.9,49.2 ,38.0 , 66.1,50.4 ,39.3 , 67.0,48.3 ,37.7 , 64.3,19.7 ,15.3 , 26.2,33.4 ,26.2 , 43.9,63.6 ,49.8 , 84.1,70.7 ,55.5 , 93.2,52.6 ,41.4 , 68.9,68.4 ,47.9 , 105.7,56.3 ,44.3 , 73.9
Guinea,,,,,,,,,,<0.1 ,<0.1 , <0.1,,,,,,,,,,4.0 ,2.7 , 6.5,1.3 ,0.9 , 2.2,2.4 ,1.6 , 3.9,12.5 ,8.6 , 20.1,15.8 ,10.9 , 25.1,18.4 ,12.6 , 29.1,31.7 ,21.9 , 49.9,27.1 ,18.6 , 43.1,31.0 ,21.4 , 48.8,33.4 ,23.1 , 52.6,45.6 ,31.6 , 71.6
Guinea-Bissau,,,,,,,,,,,,,,,,1.6 ,1.1 , 2.6,2.0 ,1.4 , 3.2,1.7 ,1.2 , 2.8,,,,,,,,,,<0.1 ,<0.1 , <0.1,1.6 ,1.1 , 2.5,3.9 ,2.7 , 6.3,6.3 ,4.3 , 10.1,9.4 ,6.4 , 15.1,11.4 ,7.8 , 18.2,10.6 ,7.2 , 16.9
Guyana,,,,,,,,,,24.9 ,19.3 , 33.2,,,,,,,13.4 ,10.5 , 17.5,29.2 ,23.0 , 38.2,32.7 ,25.6 , 43.2,41.1 ,32.2 , 54.3,53.2 ,41.7 , 70.1,68.1 ,53.7 , 89.3,66.3 ,52.1 , 87.2,44.9 ,35.3 , 59.0,58.6 ,46.1 , 77.0,51.2 ,40.0 , 67.8,62.0 ,43.4 , 95.9,59.9 ,46.8 , 79.2
Haiti,,,,,,,,,,,,,,,,,,,,,,4.2 ,2.9 , 6.8,3.7 ,2.5 , 5.8,3.5 ,2.4 , 5.5,3.9 ,2.7 , 6.2,3.5 ,2.6 , 5.1,28.3 ,22.4 , 37.0,39.5 ,32.3 , 49.6,36.2 ,28.4 , 47.6,53.9 ,44.1 , 67.5,54.8 ,45.8 , 66.6,66.6 ,52.3 , 87.6
Honduras,,,,,,,,,,<0.1 ,<0.1 , <0.1,,,,<0.1 ,<0.1 , <0.1,94.8 ,73.1 , 127.9,,,,48.1 ,37.2 , 64.8,38.3 ,29.7 , 51.3,41.8 ,32.2 , 56.3,41.0 ,32.1 , 54.2,37.0 ,28.9 , 49.0,61.0 ,47.9 , 80.3,59.1 ,46.4 , 77.8,63.2 ,44.2 , 97.6,56.3 ,44.3 , 74.1,74.6 ,52.2 , 115.3
Hungary,,,,,,,,,,,,,,,,,,,,,,,,,,,,,,,3.8 ,2.4 , 6.9,2.8 ,1.8 , 5.2,,,,,,,,,,,,,,,,,,
Iceland,,,,,,,,,,,,,79.4 ,66.7 , 96.1,61.3 ,52.9 , 71.8,37.0 ,31.5 , 44.0,,,,<0.1 ,<0.1 , <0.1,,,,,,,,,,,,,,,,,,,,,,,,,,,
India,,,,,,,,,,,,,,,,,,,,,,<0.1 ,<0.1 , 0.2,1.2 ,0.6 , 3.1,9.3 ,5.1 , 21.8,13.0 ,7.6 , 27.0,15.5 ,9.2 , 31.1,16.3 ,9.8 , 32.3,27.5 ,16.5 , 54.5,32.3 ,19.5 , 63.8,36.3 ,21.9 , 71.5,44.8 ,31.4 , 69.3,33.4 ,23.9 , 50.2
Indonesia,,,,,,,,,,,,,,,,,,,,,,,,,,,,0.5 ,0.3 , 1.0,0.7 ,0.4 , 1.6,2.2 ,1.2 , 4.6,2.3 ,1.3 , 4.8,2.4 ,1.4 , 5.2,1.3 ,0.8 , 2.8,1.6 ,1.0 , 3.5,2.7 ,1.6 , 5.9,5.4 ,3.5 , 9.7
Iran (Islamic Republic of),,,,,,,,,,3.8 ,2.1 , 9.5,,,,,,,2.0 ,1.2 , 4.4,16.2 ,9.2 , 35.4,13.3 ,7.6 , 28.7,20.9 ,12.1 , 44.5,30.6 ,17.7 , 65.8,43.6 ,24.9 , 95.6,56.3 ,31.4 , 128.4,44.0 ,24.1 , 104.6,45.3 ,24.4 , 112.0,40.5 ,28.4 , 62.7,43.0 ,30.1 , 66.5,78.6 ,55.0 , 121.4
Iraq,,,,,,,,,,,,,,,,,,,<0.1 ,<0.1 , <0.1,<0.1 ,<0.1 , <0.1,<0.1 ,<0.1 , <0.1,<0.1 ,<0.1 , <0.1,<0.1 ,<0.1 , <0.1,27.1 ,23.3 , 32.0,26.8 ,23.0 , 31.6,<0.1 ,<0.1 , <0.1,<0.1 ,<0.1 , <0.1,<0.1 ,<0.1 , <0.1,<0.1 ,<0.1 , <0.1,,,
Ireland,,,,,,,,,,,,,,,,,,,,,,,,,,,,,,,,,,,,,8.1 ,5.3 , 14.3,22.9 ,14.7 , 40.6,49.8 ,31.9 , 88.5,12.1 ,7.8 , 21.3,12.8 ,8.3 , 22.3,11.6 ,8.1 , 17.8
Israel,,,,,,,,,,,,,,,,,,,,,,,,,73.3 ,63.1 , 86.3,46.7 ,39.3 , 56.3,,,,,,,,,,,,,,,,,,,77.3 ,54.1 , 119.4,72.5 ,50.7 , 112.0
Jamaica,,,,,,,,,,5.3 ,4.1 , 7.0,8.3 ,6.5 , 10.9,44.7 ,35.0 , 59.2,56.2 ,44.0 , 74.3,37.1 ,29.1 , 48.8,52.3 ,41.1 , 68.7,74.4 ,57.2 , 100.7,84.8 ,66.5 , 111.8,50.1 ,39.4 , 65.8,,,,69.3 ,54.6 , 90.8,72.6 ,57.1 , 95.5,38.5 ,30.2 , 50.9,45.2 ,34.8 , 61.3,29.0 ,22.8 , 38.0
Jordan,,,,,,,,,,,,,,,,,,,,,,,,,,,,,,,,,,,99.7 , Nil,,,,,,,,,,,,,82.5 ,57.7 , Nil,,,
Kazakhstan,,,,,,,,,,<0.1 ,<0.1 , <0.1,,,,6.1 ,4.3 , 9.4,25.4 ,17.7 , 39.6,27.9 ,18.9 , 45.4,30.5 ,21.1 , 47.9,12.8 ,8.3 , 22.1,8.0 ,5.6 , 12.4,6.8 ,4.7 , 10.4,60.0 ,42.0 , 92.8,56.2 ,39.3 , 86.9,72.0 ,50.4 , 111.3,50.5 ,35.3 , 78.0,83.0 ,58.1 , 128.2,79.1 ,55.4 , 122.2
Kenya,,,,,,,,,,,,,,,,1.3 ,0.9 , 2.2,12.6 ,8.4 , 20.9,14.4 ,9.7 , 23.7,12.4 ,8.3 , 20.3,14.4 ,9.7 , 23.5,21.3 ,14.2 , 35.3,28.8 ,19.4 , 47.3,40.6 ,27.4 , 66.6,37.4 ,25.1 , 61.3,38.0 ,25.6 , 62.4,41.7 ,28.0 , 68.4,41.2 ,27.7 , 67.8,49.1 ,32.8 , 81.3
Kiribati,,,,,,,,,,<0.1 ,<0.1 , <0.1,<0.1 ,<0.1 , <0.1,<0.1 ,<0.1 , <0.1,<0.1 ,<0.1 , <0.1,<0.1 ,<0.1 , <0.1,<0.1 ,<0.1 , <0.1,<0.1 ,<0.1 , <0.1,<0.1 ,<0.1 , <0.1,,,,,,,,,,45.9 ,35.4 , 62.0,38.3 ,29.5 , 51.7,<0.1 ,<0.1 , <0.1,,,
Kuwait,87.0 ,75.1 , 101.9,87.0 ,75.1 , 101.9,87.0 ,75.1 , 101.9,87.0 ,75.1 , 101.9,87.0 ,75.1 , 101.9,87.0 ,75.1 , 101.9,87.0 ,75.1 , 101.9,87.1 ,75.2 , 102.0,87.0 ,71.0 , 109.0,87.0 ,63.1 , 127.6,87.0 ,57.7 , 145.8,,,,19.0 ,16.2 , 22.6,<0.1 ,<0.1 , <0.1,20.2 ,17.4 , 23.8,87.0 ,60.9 , 134.4,<0.1 ,<0.1 , <0.1,<0.1 ,<0.1 , <0.1
Kyrgyzstan,,,,,,,,,,,,,,,,2.2 ,1.6 , 3.5,,,,,,,,,,16.8 ,13.0 , 22.7,46.0 ,35.3 , 62.4,73.8 ,59.2 , 94.5,69.2 ,56.5 , 86.8,54.3 ,47.8 , 62.2,44.9 ,36.1 , 57.5,71.3 ,59.9 , 86.3,50.6 ,44.5 , 58.0,51.6 ,42.9 , 63.0
Lao People's Democratic Republic,,,,,,,,,,0.9 ,0.6 , 1.4,,,,,,,5.2 ,3.5 , 8.3,3.8 ,2.6 , 6.1,8.3 ,5.7 , 13.4,,,,,,,,,,,,,15.6 ,10.6 , 25.1,21.1 ,14.5 , 33.7,,,,28.8 ,19.9 , 45.6,22.9 ,15.8 , 36.1
Latvia,,,,,,,,,,,,,,,,45.3 ,41.8 , 49.2,48.2 ,45.3 , 51.5,35.5 ,33.6 , 37.5,22.4 ,18.4 , 27.8,43.8 ,36.1 , 54.2,52.3 ,43.0 , 65.0,40.7 ,37.4 , 44.5,48.1 ,44.5 , 52.3,29.7 ,25.6 , 34.9,33.9 ,29.7 , 39.2,39.0 ,32.8 , 47.2,37.4 ,32.0 , 44.3,56.0 ,48.0 , 66.2
Lebanon,,,,,,,,,,,,,,,,,,,<0.1 ,<0.1 , <0.1,6.6 ,5.5 , 7.9,19.8 ,16.7 , 23.9,51.9 ,43.8 , 62.5,45.6 ,38.2 , 55.3,143.1 ,97.4 , 230.6,58.5 ,49.7 , 70.0,44.7 ,37.4 , 54.3,66.2 ,51.6 , 88.1,54.6 ,38.6 , 83.5,48.6 ,41.4 , 57.8,58.8 ,50.6 , 69.2
Lesotho,,,,,,,,,,,,,,,,,,,1.0 ,0.7 , 1.7,4.8 ,3.3 , 7.6,10.0 ,6.9 , 15.9,12.3 ,8.5 , 19.4,13.0 ,9.0 , 20.6,35.2 ,24.4 , 55.3,39.9 ,27.6 , 62.8,45.9 ,31.7 , 72.1,36.8 ,25.4 , 57.9,33.6 ,23.2 , 53.1,36.7 ,25.3 , 57.9,41.0 ,28.4 , 64.6
Liberia,,,,,,,,,,,,,,,,,,,,,,,,,15.1 ,10.4 , 23.9,7.4 ,5.1 , 11.8,<0.1 ,<0.1 , <0.1,3.3 ,2.3 , 5.3,10.0 ,6.8 , 16.3,13.2 ,9.0 , 21.0,5.8 ,3.9 , 9.3,8.6 ,5.9 , 13.7,17.5 ,12.0 , 27.6,15.6 ,10.7 , 24.7
Libya,,,,,,,,,,,,,,,,,,,,,,57.0 ,49.8 , 65.9,,,,,,,,,,,,,,,,,,,,,,,,,,,,,,
Madagascar,,,,,,,,,,,,,,,,,,,<0.1 ,<0.1 , <0.1,<0.1 ,<0.1 , <0.1,,,,0.5 ,0.3 , 1.1,1.3 ,0.8 , 2.9,,,,1.7 ,1.0 , 3.6,5.4 ,3.1 , 11.6,7.8 ,4.5 , 16.9,6.8 ,3.9 , 14.9,7.0 ,4.0 , 15.5,4.5 ,2.6 , 10.1
Malawi,,,,,,,,,,0.1 ,<0.1 , 0.2,,,,11.4 ,7.6 , 18.8,11.7 ,7.8 , 19.2,19.1 ,12.8 , 31.3,15.5 ,10.2 , 26.5,17.0 ,11.3 , 28.5,15.4 ,9.5 , 29.0,18.5 ,11.9 , 32.5,32.2 ,20.5 , 58.0,36.9 ,22.7 , 70.3,39.8 ,24.5 , 75.7,44.8 ,31.4 , 69.3,54.4 ,38.1 , 84.0,65.0 ,45.5 , 100.4
Malaysia,,,,,,,,,,,,,,,,,,,<0.1 ,<0.1 , <0.1,3.0 ,2.5 , 3.7,32.7 ,28.1 , 38.5,7.5 ,6.4 , 8.8,17.8 ,15.3 , 20.9,43.6 ,37.4 , 51.3,23.9 ,20.7 , 28.0,23.1 ,19.8 , 27.3,26.8 ,23.0 , 31.6,35.8 ,30.9 , 42.0,25.8 ,22.1 , 30.4,52.9 ,45.4 , 62.4
Maldives,,,,,,,,,,,,,,,,,,,,,,,,,,,,,,,,,,,,,,<0.1 , Nil,,,,,,,,,,,70.0 , Nil,,,
Mali,,,,,,,,,,,,,,,,,,,,,,,,,1.2 ,0.6 , 2.9,4.1 ,2.2 , 10.0,14.7 ,9.9 , 24.2,24.1 ,15.8 , 41.6,57.6 ,40.0 , 90.0,41.0 ,25.7 , 75.4,44.7 ,29.5 , 75.9,46.4 ,31.7 , 74.5,32.6 ,22.8 , 50.6,37.4 ,26.1 , 58.2
Malta,,,,,,,,,,,,,,,,<0.1 ,<0.1 , <0.1,33.8 ,28.6 , 40.4,46.0 ,37.7 , 57.3,80.5 ,64.0 , 104.3,,,,,,,,,,,,,,,,,,,100.0 ,70.0 , 154.5,53.0 ,45.8 , 62.1,<0.1 ,<0.1 , <0.1
Marshall Islands,,,,,,,,,,,,,,,,,,,,,,,,,,,,,,,,,,,,,,,,,,,,,,,70.0 , Nil,,,,,,
Mauritania,,,,,,,,,,,,,,,,<0.1 ,<0.1 , <0.1,,,,11.4 ,6.6 , 24.2,11.9 ,6.9 , 25.5,,,,14.7 ,8.4 , 32.3,3.5 ,2.0 , 7.7,<0.1 ,<0.1 , <0.1,<0.1 ,<0.1 , <0.1,,,,,,,,,,,,
Mauritius,,,,,,,,,,39.8 ,27.0 , 64.5,30.4 ,21.1 , 47.5,11.2 ,7.8 , 17.5,33.3 ,22.8 , 53.3,36.5 ,25.0 , 58.1,23.6 ,16.1 , 38.0,24.4 ,16.9 , 38.3,29.1 ,20.2 , 45.7,23.5 ,16.2 , 37.0,35.5 ,24.6 , 55.5,76.9 ,52.3 , 123.9,43.7 ,30.2 , 68.8,38.7 ,26.8 , 60.5,35.6 ,24.5 , 56.3,77.3 ,54.1 , 119.4
Mexico,,,,,,,,,,35.4 ,25.4 , 52.6,,,,,,,,,,13.1 ,9.4 , 19.4,19.3 ,13.9 , 28.7,18.8 ,13.5 , 28.0,30.4 ,22.3 , 44.1,21.9 ,16.2 , 31.4,12.1 ,9.5 , 16.0,28.6 ,22.3 , 37.9,36.4 ,28.6 , 47.9,80.1 ,56.1 , 123.8,67.5 ,53.1 , 88.9,66.7 ,52.4 , 87.8
Mongolia,,,,,,,,,,<0.1 ,<0.1 , <0.1,<0.1 ,<0.1 , <0.1,11.1 ,8.3 , 15.7,10.1 ,7.5 , 14.3,11.0 ,8.2 , 15.5,17.9 ,13.8 , 24.1,<0.1 ,<0.1 , <0.1,63.1 ,49.7 , 82.9,78.9 ,61.6 , 104.6,51.9 ,40.6 , 68.7,11.9 ,9.3 , 15.7,58.4 ,45.4 , 78.1,50.4 ,39.6 , 66.4,49.5 ,38.6 , 65.8,27.9 ,16.8 , 55.6
Montenegro,,,,,,,,,,,,,,,,,,,,,,,,,,,,,,,,,,,,,,,,,,,,,,,70.0 , Nil,,,,<0.1 ,<0.1 , <0.1
Morocco,,,,,,,,,,,,,,,,,,,,,,,,,<0.1 ,<0.1 , <0.1,11.8 ,7.2 , 22.7,4.1 ,2.5 , 8.0,6.5 ,4.0 , 12.7,82.6 ,50.2 , 160.9,17.8 ,10.8 , 34.9,77.8 ,47.1 , 152.7,71.5 ,50.1 , 110.5,38.9 ,27.3 , 60.2,33.1 ,23.2 , 51.1
Mozambique,,,,,,,,,,,,,,,,,,,5.1 ,3.5 , 8.1,7.2 ,4.9 , 11.5,8.1 ,5.6 , 13.0,7.0 ,4.8 , 11.2,7.6 ,5.2 , 12.0,9.3 ,6.3 , 14.8,18.7 ,12.9 , 29.8,25.9 ,17.8 , 41.0,30.3 ,20.8 , 48.0,36.1 ,24.8 , 57.3,40.4 ,27.9 , 63.6,48.4 ,33.6 , 76.0
Myanmar,,,,,,,,,,,,,,,,<0.1 ,<0.1 , <0.1,<0.1 ,<0.1 , 0.1,1.9 ,1.0 , 4.3,3.1 ,1.8 , 6.7,3.0 ,1.8 , 6.0,4.5 ,3.0 , 7.4,3.1 ,2.3 , 4.4,3.1 ,2.1 , 4.9,15.1 ,8.2 , 36.6,13.8 ,10.0 , 20.1,17.9 ,13.4 , 25.0,35.1 ,26.7 , 48.2,38.4 ,29.2 , 52.8
Namibia,,,,,,,<0.1 ,<0.1 , <0.1,<0.1 ,<0.1 , <0.1,,,,,,,,,,7.4 ,5.7 , 9.9,20.3 ,15.1 , 28.6,23.0 ,17.3 , 31.9,29.6 ,23.4 , 38.7,39.2 ,30.8 , 51.6,57.4 ,45.1 , 75.6,64.8 ,51.0 , 85.2,69.3 ,54.5 , 91.2,71.8 ,50.3 , 111.0,75.9 ,53.1 , 117.2,77.8 ,54.5 , 120.3
Nepal,,,,,,,,,,<0.1 ,<0.1 , <0.1,,,,,,,<0.1 ,<0.1 , <0.1,<0.1 ,<0.1 , <0.1,,,,,,,<0.1 ,<0.1 , <0.1,4.3 ,2.7 , 7.7,11.1 ,7.1 , 20.2,5.5 ,3.5 , 10.1,24.4 ,15.5 , 44.4,13.0 ,8.2 , 23.6,23.8 ,15.1 , 43.3,24.2 ,15.3 , 44.0
Netherlands,,,,,,,,,,,,,,,,,,,,,,182.4 ,104.4 , 397.4,218.0 ,137.1 , 399.7,,,,,,,,,,,,,,,,,,,,,,38.1 ,32.3 , 45.8,36.4 ,30.7 , 43.7
New Zealand,,,,,,,,,,,,,,,,,,,,,,,,,,,,,,,,,,,,,,,,,,,,,,53.7 ,46.2 , 63.1,,,,,,
Nicaragua,,,,,,,,,,<0.1 ,<0.1 , <0.1,,,,,,,<0.1 ,<0.1 , <0.1,<0.1 ,<0.1 , <0.1,23.0 ,17.8 , 30.9,25.2 ,19.6 , 33.8,31.4 ,24.3 , 42.1,30.7 ,23.8 , 41.2,75.8 ,59.0 , 101.1,49.6 ,38.8 , 65.7,48.4 ,38.0 , 63.8,74.2 ,52.0 , 114.7,72.4 ,56.9 , 95.3,59.3 ,41.5 , 91.6
Niger,,,,,,,,,,,,,,,,2.4 ,1.6 , 4.0,<0.1 ,<0.1 , <0.1,<0.1 ,<0.1 , <0.1,<0.1 ,<0.1 , <0.1,<0.1 ,<0.1 , <0.1,<0.1 ,<0.1 , <0.1,0.9 ,0.6 , 1.3,4.1 ,2.8 , 6.5,19.0 ,13.0 , 30.2,8.9 ,6.1 , 14.1,27.0 ,18.6 , 42.6,39.6 ,27.3 , 62.6,54.1 ,37.3 , 85.3
Nigeria,,,,,,,,,,,,,,,,,,,,,,<0.1 ,<0.1 , <0.1,7.7 ,5.3 , 12.4,8.0 ,5.5 , 12.9,6.7 ,4.6 , 10.8,9.4 ,6.4 , 15.2,12.4 ,8.5 , 19.8,15.9 ,10.8 , 25.5,16.1 ,11.0 , 25.8,16.3 ,11.2 , 26.1,18.8 ,12.9 , 30.2,19.7 ,13.5 , 31.3
Norway,,,,,,,,,,,,,,,,,,,,,,,,,,,,,,,,,,,,,26.4 ,16.9 , 47.0,,,,,,,,,,69.6 ,48.7 , 107.5,,,
Oman,,,,,,,,,,<0.1 ,<0.1 , <0.1,,,,85.6 ,73.9 , 100.4,85.7 ,74.0 , 100.4,87.0 ,75.1 , 101.9,87.5 ,48.2 , 205.4,87.5 ,30.9 , Nil,88.4 ,40.2 , 327.0,76.1 ,65.7 , 89.1,87.2 ,75.3 , 102.1,87.0 ,75.1 , 101.9,87.0 ,75.1 , 101.9,87.0 ,60.9 , 134.4,71.2 ,49.9 , 110.0,84.7 ,59.3 , 130.9
Pakistan,,,,,,,,,,,,,<0.1 ,<0.1 , <0.1,<0.1 ,<0.1 , <0.1,<0.1 ,<0.1 , <0.1,<0.1 ,<0.1 , <0.1,0.7 ,0.4 , 1.4,0.4 ,0.2 , 0.8,0.3 ,0.2 , 0.7,0.4 ,0.2 , 0.9,0.4 ,0.3 , 0.9,0.7 ,0.4 , 1.4,1.5 ,0.8 , 3.2,0.9 ,0.5 , 2.0,1.0 ,0.6 , 2.1,1.3 ,0.8 , 2.7
Palau,,,,,,,,,,,,,,,,,,,,,,,,,,,,,,,,,,,,,,,,<0.1 ,<0.1 , Nil,,,,,,,,,,,,
Panama,,,,,,,,,,13.3 ,10.5 , 17.6,12.3 ,9.7 , 16.2,7.5 ,5.9 , 9.9,18.8 ,14.8 , 24.6,30.6 ,24.0 , 40.4,11.1 ,8.7 , 14.6,35.9 ,28.2 , 47.1,70.1 ,55.2 , 92.2,71.3 ,56.1 , 93.7,80.6 ,63.5 , 105.9,88.4 ,69.5 , 116.3,79.4 ,62.6 , 104.1,78.3 ,54.8 , 121.1,76.0 ,53.2 , 117.4,72.7 ,57.2 , 95.5
Papua New Guinea,,,,,,,,,,<0.1 ,<0.1 , <0.1,1.3 ,0.7 , 2.5,,,,,,,9.7 ,5.7 , 19.5,16.6 ,9.9 , 33.7,,,,,,,,,,5.7 ,3.4 , 11.6,8.7 ,5.4 , 16.1,13.5 ,8.7 , 23.5,13.9 ,9.0 , 24.6,18.1 ,11.6 , 31.9,21.4 ,13.8 , 37.8
Paraguay,,,,,,,,,,,,,,,,,,,,,,,,,48.8 ,7.9 , Nil,30.1 ,13.1 , 125.3,29.9 ,23.6 , 39.0,32.9 ,27.7 , 39.6,49.9 ,42.7 , 59.1,47.2 ,40.3 , 56.0,63.9 ,54.7 , 75.7,59.9 ,51.4 , 70.8,65.2 ,45.6 , 100.7,63.4 ,54.3 , 75.0
Peru,,,,,,,,,,1.0 ,0.7 , 1.3,,,,,,,0.9 ,0.7 , 1.2,<0.1 ,<0.1 , <0.1,14.8 ,9.1 , 28.5,18.4 ,13.9 , 25.7,1.4 ,1.0 , 2.0,59.2 ,30.0 , 167.4,47.7 ,27.5 , 102.9,35.5 ,27.6 , 47.2,40.4 ,31.6 , 53.5,42.7 ,33.4 , 56.5,48.1 ,37.8 , 63.4,56.9 ,44.7 , 75.0
Philippines,,,,,,,,,,<0.1 ,<0.1 , <0.1,,,,,,,<0.1 ,<0.1 , <0.1,<0.1 ,<0.1 , <0.1,<0.1 ,<0.1 , <0.1,<0.1 ,<0.1 , <0.1,<0.1 ,<0.1 , <0.1,,,,,,,,,,1.2 ,0.7 , 3.0,3.5 ,1.9 , 8.4,13.6 ,7.4 , 32.6,54.0 ,29.4 , 129.8
Portugal,,,,,,,,,,,,,,,,,,,<0.1 ,<0.1 , <0.1,80.8 ,69.4 , 95.4,90.5 ,76.7 , 108.4,93.9 ,80.4 , 111.1,80.7 ,67.2 , 98.7,,,,,,,,,,,,,,,,,,,,,
Qatar,,,,,,,,,,,,,<0.1 ,<0.1 , Nil,,,,,,,,,,87.0 ,71.5 , Nil,,,,<0.1 ,<0.1 , Nil,<0.1 ,<0.1 , Nil,48.4 ,32.8 , 78.7,<0.1 ,<0.1 , Nil,,,,,,,,,,,,
Republic of Korea,,,,,,,,,,0.9 ,0.6 , 1.6,,,,,,,,,,,,,,,,,,,,,,,,,,,,,,,,,,,,,,,,,,
Republic of Moldova,,,,,,,,,,<0.1 ,<0.1 , <0.1,,,,,,,36.9 ,30.5 , 45.5,37.0 ,31.3 , 44.6,29.3 ,25.2 , 34.5,,,,35.8 ,30.9 , 42.1,,,,33.4 ,28.5 , 39.6,48.3 ,41.5 , 57.1,40.7 ,35.1 , 47.8,58.1 ,40.7 , 89.8,51.9 ,44.5 , 61.3,57.3 ,49.2 , 67.4
Romania,,,,,,,,,,,,,,,,,,,,,,,,,19.6 ,15.5 , 25.5,22.3 ,18.2 , 27.8,31.8 ,25.1 , 41.5,45.0 ,37.6 , 54.8,49.9 ,42.1 , 60.1,52.8 ,44.6 , 63.6,58.6 ,49.7 , 70.0,59.4 ,50.6 , 70.7,68.6 ,58.5 , 81.7,56.3 ,48.2 , 66.7
Russian Federation,,,,,,,,,,,,,,,,,,,43.4 ,30.1 , 68.3,38.5 ,25.1 , 66.4,39.4 ,24.5 , 73.7,95.1 ,63.4 , 158.4,82.2 ,57.4 , 127.7,,,,,,,,,,,,,,,,58.4 ,40.9 , 90.3,52.8 ,37.0 , 81.6
Rwanda,,,,,,,,,,,,,,,,7.2 ,5.8 , 9.1,20.9 ,18.4 , 24.0,29.5 ,25.3 , 34.8,46.7 ,39.4 , 56.4,51.6 ,42.6 , 63.8,56.3 ,44.1 , 74.4,56.5 ,45.2 , 72.7,65.6 ,51.6 , 86.1,61.0 ,48.1 , 79.8,72.5 ,60.5 , 88.4,78.5 ,55.0 , 121.3,72.0 ,50.4 , 111.3,69.0 ,48.3 , 106.6
Saint Kitts and Nevis,,,,,,,,,,<0.1 ,<0.1 , Nil,,,,,,,,,,,,,,,,,,,,,,,,,,,,,,,49.7 ,41.8 , 60.0,,,,,,,,,
Saint Lucia,,,,,,,,,,,,,,,,,,,,,,87.0 ,75.1 , 101.9,41.0 ,34.3 , 49.9,<0.1 ,<0.1 , <0.1,,,,87.0 ,75.1 , Nil,87.0 ,75.1 , Nil,,,,87.0 ,75.1 , Nil,43.5 ,30.4 , 67.2,87.0 ,60.9 , Nil,,,
Saint Vincent and the Grenadines,,,,,,,,,,31.1 ,26.9 , 36.3,108.7 ,94.0 , 127.2,<0.1 ,<0.1 , Nil,53.5 ,46.3 , 62.6,86.1 ,71.9 , 104.9,36.2 ,31.3 , 42.5,18.6 ,15.5 , 22.8,37.8 ,32.3 , 44.8,54.4 ,46.4 , 64.6,49.9 ,42.8 , 59.0,,,,,,,87.0 ,60.9 , Nil,,,,,,
Sao Tome and Principe,,,,,,,,,,,,,,,,<0.1 ,<0.1 , <0.1,<0.1 ,<0.1 , <0.1,12.6 ,8.7 , 19.6,17.4 ,12.1 , 27.3,14.2 ,9.8 , 22.4,37.2 ,29.0 , 49.4,86.5 ,73.0 , 104.0,74.5 ,56.2 , 103.6,109.2 ,96.6 , 124.3,85.2 ,75.4 , 97.1,71.2 ,68.1 , 74.6,100.0 ,70.0 , 154.5,57.1 ,40.0 , 88.3
Saudi Arabia,,,,,,,,,,,,,,,,,,,,,,26.2 ,22.3 , 31.2,28.5 ,24.3 , 33.9,,,,,,,,,,,,,,,,,,,,,,54.3 ,45.9 , 65.1,67.7 ,57.8 , 80.5
Senegal,,,,,,,,,,,,,,,,,,,,,,8.0 ,5.5 , 12.7,13.5 ,9.3 , 21.6,8.5 ,5.9 , 13.3,18.5 ,12.7 , 29.2,23.4 ,16.2 , 36.8,33.3 ,23.1 , 52.2,40.4 ,29.9 , 57.6,47.6 ,33.1 , 74.5,51.2 ,35.5 , 80.2,51.8 ,37.0 , 77.5,56.2 ,41.7 , 80.0
Serbia,,,,,,,,,,,,,,,,93.7 ,58.0 , 176.8,37.9 ,23.5 , 71.3,71.2 ,44.2 , 133.2,40.3 ,25.1 , 75.2,41.6 ,25.9 , 77.7,101.4 ,63.2 , 188.9,51.1 ,31.8 , 95.2,56.1 ,35.0 , 104.6,151.0 ,94.0 , 281.8,69.4 ,43.1 , 130.0,37.3 ,23.1 , 70.5,49.8 ,34.9 , 77.0,82.6 ,57.8 , 127.7
Seychelles,,,,,,,,,,,,,,,,,,,,,,,,,,,,87.0 ,75.1 , 101.9,87.0 ,75.1 , Nil,87.0 ,75.1 , 101.9,91.3 ,78.9 , 107.0,87.0 ,75.1 , Nil,87.0 ,75.1 , Nil,,,,,70.0 , Nil,,,
Sierra Leone,,,,,,,<0.1 ,<0.1 , <0.1,,,,,,,,,,,,,,,,,,,5.9 ,4.1 , 9.3,9.3 ,7.0 , 13.1,12.7 ,9.4 , 18.1,40.3 ,29.9 , 57.1,34.7 ,24.0 , 54.6,31.6 ,21.9 , 49.5,37.4 ,25.9 , 58.8,48.5 ,34.0 , 74.9,67.6 ,47.4 , 104.5
Slovakia,,,,,,,,,,,,,,,,,,,,,,,,,,<0.1 , Nil,<0.1 ,<0.1 , Nil,93.3 ,80.6 , Nil,,,,,,,,,,,,,,,,,,,,,
Slovenia,,,,,,,,,,,,,,,,,,,,,,,,,,,,,,,,,,,,,,,,,,,,,,,,,91.5 ,64.0 , Nil,,,
Somalia,,,,,,,,,,,,,<0.1 ,<0.1 , <0.1,<0.1 ,<0.1 , <0.1,<0.1 ,<0.1 , <0.1,<0.1 ,<0.1 , <0.1,<0.1 ,<0.1 , <0.1,0.7 ,0.4 , 1.4,5.7 ,3.3 , 12.2,3.9 ,2.5 , 6.9,5.0 ,3.4 , 8.4,5.9 ,4.0 , 9.5,9.3 ,6.4 , 15.0,19.2 ,13.2 , 30.7,17.8 ,12.2 , 28.4,22.2 ,15.3 , 35.2
South Africa,,,,,,,,,,<0.1 ,<0.1 , <0.1,1.4 ,1.0 , 2.2,4.2 ,2.9 , 6.7,10.8 ,7.4 , 17.0,7.0 ,4.8 , 11.1,7.4 ,5.6 , 10.4,16.2 ,12.3 , 22.1,23.6 ,17.9 , 32.5,31.2 ,24.6 , 41.0,33.7 ,25.2 , 47.6,48.4 ,35.9 , 68.6,51.2 ,38.0 , 72.7,51.4 ,37.8 , 73.8,46.2 ,33.5 , 67.6,57.0 ,42.6 , 80.4
South Sudan,,,,,,,,,,,,,,,,,,,,,,,,,,,,,,,,,,5.1 ,2.9 , 11.8,8.2 ,5.6 , 13.1,12.1 ,8.3 , 19.3,21.5 ,14.8 , 34.2,30.7 ,21.2 , 48.5,34.0 ,23.5 , 53.5,43.9 ,30.5 , 68.7
Sri Lanka,,,,,,,,,,7.9 ,5.5 , 12.1,<0.1 ,<0.1 , <0.1,<0.1 ,<0.1 , <0.1,19.2 ,13.1 , 31.1,37.8 ,27.2 , 56.0,<0.1 ,<0.1 , <0.1,73.9 ,25.4 , 734.6,79.1 ,12.6 , Nil,223.0 ,48.2 , Nil,73.9 ,33.7 , 271.1,134.8 ,79.9 , 274.3,47.3 ,35.4 , 66.6,39.5 ,29.4 , 55.6,34.5 ,26.2 , 47.4,57.4 ,43.6 , 79.0
Sudan,,,,,,,,,,<0.1 ,<0.1 , <0.1,,,,1.6 ,0.9 , 3.8,<0.1 ,<0.1 , <0.1,3.6 ,2.1 , 7.9,22.6 ,12.1 , 56.1,33.1 ,18.4 , 76.4,20.5 ,11.4 , 47.5,7.5 ,4.0 , 18.8,4.0 ,2.1 , 10.3,12.9 ,6.7 , 34.1,15.4 ,7.9 , 42.0,17.2 ,12.0 , 26.6,,,,36.7 ,25.7 , 56.8
Suriname,,,,,,,,,,9.1 ,7.0 , 12.1,<0.1 ,<0.1 , <0.1,5.3 ,4.1 , 7.0,,,,,,,22.9 ,18.0 , 30.1,31.3 ,24.5 , 41.4,28.1 ,22.0 , 37.0,42.9 ,33.7 , 56.5,63.1 ,49.7 , 82.8,38.6 ,30.4 , 50.7,66.4 ,52.3 , 87.2,55.4 ,38.8 , 85.6,38.4 ,30.3 , 50.5,60.0 ,42.0 , 92.7
Syrian Arab Republic,,,,,,,,,,<0.1 ,<0.1 , <0.1,<0.1 ,<0.1 , <0.1,<0.1 ,<0.1 , <0.1,<0.1 ,<0.1 , <0.1,<0.1 ,<0.1 , <0.1,<0.1 ,<0.1 , <0.1,<0.1 ,<0.1 , <0.1,<0.1 ,<0.1 , <0.1,203.3 ,123.9 , 393.7,<0.1 ,<0.1 , <0.1,38.6 ,23.5 , 74.7,<0.1 ,<0.1 , <0.1,100.0 ,70.0 , 154.5,35.4 ,21.6 , 68.4,11.4 ,6.8 , 22.4
Tajikistan,,,,,,,,,,,,,<0.1 ,<0.1 , <0.1,<0.1 ,<0.1 , <0.1,<0.1 ,<0.1 , <0.1,2.5 ,1.4 , 5.2,3.8 ,2.2 , 7.9,7.2 ,6.6 , 8.0,25.1 ,21.3 , 30.0,43.1 ,37.8 , 49.7,58.3 ,51.2 , 66.9,70.7 ,61.8 , 81.6,63.1 ,55.1 , 72.9,,,,73.9 ,51.7 , 114.2,41.6 ,29.2 , 64.3
Thailand,,,,,,,,,,,,,,,,,,,11.6 ,6.9 , 23.6,13.1 ,7.8 , 26.7,14.2 ,8.5 , 28.1,19.2 ,12.1 , 34.9,24.5 ,16.3 , 40.6,25.1 ,16.8 , 41.7,27.2 ,17.7 , 47.1,29.9 ,20.0 , 49.9,29.7 ,20.3 , 47.8,39.8 ,27.9 , 61.5,27.2 ,17.8 , 46.7,40.2 ,31.2 , 53.8
The former Yugoslav Republic of Macedonia,,,,,,,,,,,<0.1 , Nil,,<0.1 , Nil,,<0.1 , Nil,,,,,,,,,,,,,,,,,,,,,,,,,48.2 ,37.4 , 64.4,,,,,,,<0.1 ,<0.1 , Nil
Timor-Leste,,,,,,,,,,18.6 ,10.3 , 43.3,,,,<0.1 ,<0.1 , <0.1,<0.1 ,<0.1 , <0.1,<0.1 ,<0.1 , <0.1,5.4 ,2.8 , 15.4,<0.1 ,<0.1 , <0.1,,,,13.0 ,6.8 , 34.3,11.2 ,5.6 , 33.0,21.9 ,10.6 , 69.9,50.4 ,23.4 , 177.6,45.6 ,31.9 , 70.4,39.1 ,27.3 , 60.4,42.5 ,29.3 , 67.0
Togo,,,,,,,,,,,,,,,,,,,,,,,,,3.3 ,2.2 , 5.4,9.6 ,6.5 , 15.7,25.8 ,17.4 , 42.5,36.2 ,25.0 , 56.9,50.3 ,34.9 , 78.8,52.9 ,36.7 , 82.6,46.0 ,32.0 , 71.9,63.2 ,44.3 , 97.7,74.4 ,52.1 , 114.9,77.7 ,54.4 , 120.1
Trinidad and Tobago,,,,,,,,,,26.8 ,22.6 , 32.3,25.0 ,19.9 , 32.2,37.4 ,31.0 , 45.9,259.5 ,224.1 , 304.1,22.6 ,19.5 , 26.5,49.5 ,39.1 , 64.6,7.0 ,6.0 , 8.3,34.8 ,30.0 , 40.8,22.1 ,19.0 , 25.9,28.8 ,24.9 , 33.8,43.3 ,37.3 , 50.7,56.4 ,48.7 , 66.1,35.0 ,30.1 , 41.0,68.3 ,47.8 , 105.5,25.9 ,22.4 , 30.4
Tunisia,,,,,,,,,,26.0 ,12.9 , 76.0,,,,40.6 ,21.5 , 104.3,53.2 ,28.8 , 129.5,102.9 ,56.8 , 240.2,26.2 ,14.7 , 59.1,25.1 ,14.2 , 56.1,70.7 ,40.3 , 155.4,71.1 ,40.5 , 156.1,84.6 ,48.2 , 185.2,102.2 ,58.4 , 223.0,65.2 ,37.3 , 142.5,73.2 ,51.2 , 113.1,100.0 ,70.0 , 154.5,60.7 ,47.4 , 80.3
Turkey,,,,,,,,,,,,,,,,<0.1 ,<0.1 , <0.1,<0.1 ,<0.1 , <0.1,,,,,,,,,,9.5 ,8.0 , 11.4,30.0 ,25.3 , 36.1,41.4 ,34.9 , 49.8,36.3 ,30.8 , 43.4,38.6 ,32.8 , 46.0,55.6 ,47.2 , 66.3,55.6 ,47.2 , 66.3,18.1 ,15.4 , 21.6
Turkmenistan,,,,,,,,,,,,,,,,,,,<0.1 ,<0.1 , <0.1,<0.1 ,<0.1 , <0.1,<0.1 ,<0.1 , <0.1,,,,,,,,,,,,,,,,,,,,,,,,,,,
Uganda,,,,,,,,,,,,,,,,1.9 ,1.3 , 3.1,2.3 ,1.5 , 3.6,3.8 ,2.6 , 6.1,8.8 ,6.0 , 14.0,9.6 ,6.5 , 15.6,12.5 ,8.5 , 20.1,17.7 ,12.8 , 26.1,26.6 ,18.7 , 41.0,37.0 ,25.9 , 57.1,44.8 ,30.5 , 71.9,43.8 ,28.8 , 74.6,46.4 ,30.2 , 80.0,48.9 ,34.3 , 75.6
Ukraine,,,,,,,,,,,,,,,,,,,,,,,,,22.8 ,15.9 , 35.5,18.4 ,12.8 , 28.6,30.7 ,21.3 , 47.9,38.0 ,26.4 , 59.4,49.7 ,34.7 , 77.3,50.2 ,35.0 , 78.0,49.1 ,34.3 , 76.2,44.9 ,31.4 , 69.4,48.7 ,34.1 , 75.2,55.0 ,38.5 , 85.0
United Arab Emirates,,,,,,,,,,,,,,,,,,,,,,,,,,,,,,,143.3 ,111.2 , 191.6,40.1 ,34.6 , 47.1,,,,21.0 ,18.0 , 24.9,40.3 ,33.8 , 48.8,62.2 ,53.6 , 73.0,79.3 ,67.9 , 94.0,70.0 ,60.2 , 82.5
United Kingdom,,,,,,,,,,,,,,,,,,,,,,,,,,,,,,,,,,,,,,,,,,,,,,,,,,,,49.3 ,32.0 , 85.5
United Republic of Tanzania,,,,,,,<0.1 ,<0.1 , <0.1,,,,,,,0.2 ,0.1 , 0.4,0.2 ,0.1 , 0.4,4.8 ,3.0 , 8.8,6.2 ,3.9 , 11.6,7.4 ,4.5 , 14.1,9.2 ,5.7 , 17.5,10.8 ,6.5 , 21.2,16.0 ,9.5 , 32.4,23.7 ,13.6 , 50.9,27.0 ,15.6 , 57.9,29.6 ,17.0 , 63.5,36.4 ,25.5 , 56.2,42.1 ,29.5 , 65.1
Uruguay,,,,,,,,,,,,,,,,,,,24.0 ,20.6 , 28.1,21.5 ,18.6 , 25.3,15.7 ,12.5 , 20.4,14.7 ,11.8 , 18.8,26.6 ,21.0 , 34.7,22.7 ,19.6 , 26.7,41.9 ,36.2 , 49.0,44.4 ,38.3 , 52.1,44.6 ,38.3 , 52.4,41.6 ,35.9 , 48.9,44.4 ,38.3 , 52.1,44.1 ,38.0 , 51.7
Uzbekistan,,,,,,,,,,<0.1 ,<0.1 , <0.1,<0.1 ,<0.1 , <0.1,<0.1 ,<0.1 , <0.1,4.6 ,3.7 , 5.7,4.0 ,3.0 , 5.6,21.9 ,15.2 , 34.1,7.8 ,6.0 , 10.5,26.9 ,18.7 , 42.0,18.6 ,12.9 , 29.0,8.0 ,5.6 , 12.5,66.5 ,56.7 , 79.2,28.8 ,22.9 , 37.4,33.5 ,23.5 , 51.8,,,,80.5 ,56.4 , 124.4
Venezuela (Bolivarian Republic of),,,,,,,,,,,,,10.0 ,7.7 , 13.4,13.2 ,10.3 , 17.8,16.7 ,13.0 , 22.4,14.7 ,11.4 , 19.7,9.2 ,7.2 , 12.3,12.7 ,9.9 , 16.8,19.4 ,15.2 , 25.6,18.6 ,14.4 , 24.9,52.6 ,41.2 , 69.7,57.1 ,44.6 , 75.7,46.6 ,36.4 , 61.9,59.5 ,46.6 , 78.9,41.9 ,32.5 , 55.9,25.3 ,19.7 , 33.8
Viet Nam,,,,,,,,,,,,,,,,,,,,,,,,,6.2 ,4.6 , 8.9,3.2 ,2.4 , 4.5,13.7 ,10.3 , 19.1,21.0 ,16.1 , 28.6,24.0 ,19.0 , 31.3,33.1 ,26.2 , 43.3,41.6 ,33.2 , 53.6,55.9 ,45.4 , 70.6,58.0 ,47.8 , 71.9,67.7 ,56.0 , 83.5
Yemen,,,,,,,,,,,,,,,,<0.1 ,<0.1 , <0.1,<0.1 ,<0.1 , <0.1,<0.1 ,<0.1 , <0.1,,,,<0.1 ,<0.1 , <0.1,<0.1 ,<0.1 , <0.1,,,,21.1 ,11.4 , 51.7,<0.1 ,<0.1 , <0.1,<0.1 ,<0.1 , <0.1,30.0 ,21.0 , 46.4,,,,,,
Zambia,,,,,,,,,,0.9 ,0.7 , 1.2,0.6 ,0.4 , 0.8,0.9 ,0.6 , 1.2,5.7 ,4.1 , 8.3,14.0 ,9.6 , 22.1,18.4 ,12.7 , 29.1,20.6 ,14.3 , 32.3,26.3 ,18.2 , 41.1,31.6 ,21.9 , 49.3,35.1 ,24.3 , 55.0,41.7 ,29.0 , 65.3,45.7 ,31.7 , 71.4,42.4 ,29.4 , 66.6,49.6 ,34.6 , 77.3,51.0 ,35.5 , 79.6
Zimbabwe,,,,,,,,,,,,,,,,<0.1 ,<0.1 , <0.1,<0.1 ,<0.1 , <0.1,3.3 ,2.2 , 5.2,9.3 ,6.4 , 14.7,18.0 ,13.4 , 25.4,31.4 ,25.0 , 40.7,40.1 ,30.3 , 55.7,47.9 ,35.9 , 67.1,57.7 ,44.6 , 77.7,55.8 ,42.1 , 77.6,49.7 ,38.0 , 67.8,70.0 ,49.0 , 108.2,62.0 ,43.4 , 95.8