Country,2010,2010_lower, 2010_upper, 2011,2011_lower, 2011_upper, 2012,2012_lower, 2012_upper, 2013,2013_lower, 2013_upper, 2014,2014_lower, 2014_upper, 2015,2015_lower, 2015_upper, 2016,2016_lower, 2016_upper, 2017,2017_lower, 2017_upper, 2018,2018_lower, 2018_upper, 2019,2019_lower, 2019_upper
Afghanistan,<100 ,<100 , <100,<100 ,<100 , <100,<100 ,<100 , <100,<100 ,<100 , <100,<100 ,<100 , <100,<100 ,<100 , <100,<100 ,<100 , <100,<100 ,<100 , <100,<100 ,<100 , <100,<100 ,<100 , <100
Albania,... ,... , ...,... ,... , ...,... ,... , ...,... ,... , ...,... ,... , ...,... ,... , ...,... ,... , ...,... ,... , ...,... ,... , ...,... ,... , ...
Algeria,<100 ,<100 , <100,<100 ,<100 , <100,<100 ,<100 , <100,<100 ,<100 , <100,<100 ,<100 , <100,<100 ,<100 , <100,<100 ,<100 , <100,<100 ,<100 , <100,<100 ,<100 , <200,<100 ,<100 , <200
Angola,<1000 ,<500 , <1000,<500 ,<500 , <1000,<1000 ,<500 , <1000,1000 ,<1000 , 1300,1500 ,1100 , 2000,1500 ,1000 , 1900,1300 ,<1000 , 1800,1300 ,<1000 , 1700,1800 ,1200 , 2400,2800 ,1600 , 4000
Argentina,... ,... , ...,... ,... , ...,... ,... , ...,... ,... , ...,... ,... , ...,... ,... , ...,... ,... , ...,... ,... , ...,... ,... , ...,... ,... , ...
Armenia,... ,... , ...,... ,... , ...,... ,... , ...,... ,... , ...,... ,... , ...,... ,... , ...,... ,... , ...,... ,... , ...,... ,... , ...,...,,
Australia,<100 ,<100 , <100,<100 ,<100 , <100,<100 ,<100 , <100,<100 ,<100 , <100,<100 ,<100 , <100,<100 ,<100 , <100,<100 ,<100 , <100,<100 ,<100 , <100,<100 ,<100 , <100,<100 ,<100 , <100
Austria,... ,... , ...,... ,... , ...,... ,... , ...,... ,... , ...,... ,... , ...,... ,... , ...,... ,... , ...,... ,... , ...,... ,... , ...,... ,... , ...
Azerbaijan,<100 ,<100 , <100,<100 ,<100 , <100,<100 ,<100 , <100,<100 ,<100 , <100,<100 ,<100 , <100,<100 ,<100 , <100,<100 ,<100 , <100,<100 ,<100 , <100,<100 ,<100 , <100,<100 ,<100 , <100
Bahamas,... ,... , ...,... ,... , ...,... ,... , ...,... ,... , ...,... ,... , ...,... ,... , ...,... ,... , ...,... ,... , ...,... ,... , ...,... ,... , ...
Bahrain,... ,... , ...,... ,... , ...,... ,... , ...,... ,... , ...,... ,... , ...,... ,... , ...,... ,... , ...,... ,... , ...,... ,... , ...,... ,... , ...
Bangladesh,... ,... , ...,... ,... , ...,... ,... , ...,... ,... , ...,... ,... , ...,... ,... , ...,... ,... , ...,... ,... , ...,... ,... , ...,... ,... , ...
Barbados,... ,... , ...,...,,,...,,,...,,,...,,,...,,,...,,,...,,,...,,,...,,
Belarus,<100 ,<100 , <100,<100 ,<100 , <100,<100 ,<100 , <100,<100 ,<100 , <100,<100 ,<100 , <100,<100 ,<100 , <100,<100 ,<100 , <100,<100 ,<100 , <100,<100 ,<100 , <100,<100 ,<100 , <100
Belgium,... ,... , ...,... ,... , ...,... ,... , ...,... ,... , ...,... ,... , ...,... ,... , ...,... ,... , ...,... ,... , ...,... ,... , ...,... ,... , ...
Belize,... ,... , ...,... ,... , ...,... ,... , ...,... ,... , ...,... ,... , ...,... ,... , ...,... ,... , ...,... ,... , ...,... ,... , ...,... ,... , ...
Benin,<200 ,<100 , <500,<200 ,<200 , <500,<500 ,<200 , <500,<500 ,<200 , <500,<500 ,<500 , <1000,<1000 ,<500 , 1200,<1000 ,<500 , 1400,<1000 ,<500 , 1400,<1000 ,<500 , 1400,<1000 ,<500 , 1500
Bhutan,... ,... , ...,... ,... , ...,... ,... , ...,... ,... , ...,... ,... , ...,... ,... , ...,... ,... , ...,... ,... , ...,... ,... , ...,... ,... , ...
Bolivia (Plurinational State of),<100 ,<100 , <100,<100 ,<100 , <100,<100 ,<100 , <100,<100 ,<100 , <100,<100 ,<100 , <100,<100 ,<100 , <100,<100 ,<100 , <200,<100 ,<100 , <100,<100 ,<100 , <100,<100 ,<100 , <100
Bosnia and Herzegovina,...,,,...,,,...,,,...,,,...,,,...,,,...,,,...,,,...,,,...,,
Botswana,... ,... , ...,... ,... , ...,... ,... , ...,... ,... , ...,... ,... , ...,... ,... , ...,... ,... , ...,... ,... , ...,... ,... , ...,... ,... , ...
Brazil,... ,... , ...,... ,... , ...,... ,... , ...,... ,... , ...,... ,... , ...,... ,... , ...,... ,... , ...,... ,... , ...,... ,... , ...,... ,... , ...
Brunei Darussalam,...,,,...,,,...,,,...,,,...,,,...,,,...,,,...,,,...,,,...,,
Bulgaria,...,,,...,,,...,,,...,,,...,,,...,,,...,,,...,,,... ,... , ...,... ,... , ...
Burkina Faso,<1000 ,<500 , <1000,<500 ,<500 , <1000,<1000 ,<500 , 1200,<1000 ,<500 , 1200,1100 ,<1000 , 1800,1300 ,<1000 , 2400,1400 ,<1000 , 2400,1400 ,<1000 , 2600,<1000 ,<1000 , 1700,<1000 ,<1000 , 1800
Burundi,<1000 ,<500 , <1000,<1000 ,<500 , <1000,<1000 ,<500 , <1000,<1000 ,<500 , <1000,<1000 ,<500 , <1000,<1000 ,<500 , 1200,<1000 ,<1000 , 1500,<1000 ,<500 , 1300,<1000 ,<500 , 1100,<1000 ,<500 , <1000
Cabo Verde,... ,... , ...,... ,... , ...,... ,... , ...,... ,... , ...,... ,... , ...,... ,... , ...,... ,... , ...,... ,... , ...,... ,... , ...,... ,... , ...
Cambodia,<200 ,<100 , <200,<200 ,<200 , <200,<200 ,<200 , <200,<200 ,<200 , <500,<200 ,<200 , <500,<200 ,<200 , <500,<200 ,<100 , <500,<200 ,<200 , <500,<200 ,<100 , <500,<200 ,<100 , <500
Cameroon,3000 ,2100 , 3900,2600 ,1800 , 3200,2800 ,1900 , 3600,3700 ,2700 , 4900,3900 ,2700 , 5400,4800 ,3800 , 6500,4400 ,3400 , 6900,4400 ,3300 , 6600,4100 ,2900 , 6300,3200 ,1700 , 4500
Canada,... ,... , ...,... ,... , ...,... ,... , ...,... ,... , ...,... ,... , ...,... ,... , ...,... ,... , ...,... ,... , ...,... ,... , ...,... ,... , ...
Central African Republic,<500 ,<500 , <1000,<500 ,<500 , <1000,<500 ,<500 , <1000,<500 ,<200 , <500,<500 ,<500 , <1000,<1000 ,<500 , <1000,<1000 ,<500 , 1300,<1000 ,<500 , <1000,<1000 ,<500 , <1000,<1000 ,<500 , 1500
Chad,<500 ,<200 , <500,<500 ,<200 , <500,<500 ,<500 , <1000,<1000 ,<500 , <1000,1200 ,<1000 , 1800,<1000 ,<1000 , 1200,<1000 ,<500 , 1100,<1000 ,<1000 , 1300,1100 ,<1000 , 1600,1200 ,<1000 , 1800
Chile,<100 ,<100 , <100,<100 ,<100 , <100,<100 ,<100 , <100,<100 ,<100 , <100,<100 ,<100 , <100,<100 ,<100 , <100,<100 ,<100 , <100,<100 ,<100 , <100,<100 ,<100 , <100,<100 ,<100 , <100
China,... ,... , ...,... ,... , ...,... ,... , ...,... ,... , ...,... ,... , ...,... ,... , ...,... ,... , ...,... ,... , ...,... ,... , ...,... ,... , ...
Colombia,... ,... , ...,... ,... , ...,... ,... , ...,... ,... , ...,... ,... , ...,... ,... , ...,... ,... , ...,... ,... , ...,... ,... , ...,... ,... , ...
Comoros,... ,... , ...,... ,... , ...,... ,... , ...,... ,... , ...,... ,... , ...,... ,... , ...,... ,... , ...,... ,... , ...,... ,... , ...,... ,... , ...
Congo,<200 ,<100 , <200,<500 ,<200 , <500,<500 ,<200 , <500,<500 ,<200 , <500,<500 ,<200 , <500,<500 ,<200 , <500,<200 ,<100 , <200,<200 ,<100 , <200,<100 ,<100 , <200,<100 ,<100 , <200
Costa Rica,<100 ,<100 , <100,<100 ,<100 , <100,<100 ,<100 , <100,<100 ,<100 , <100,<100 ,<100 , <100,<100 ,<100 , <100,<100 ,<100 , <100,<100 ,<100 , <100,<100 ,<100 , <100,<100 ,<100 , <100
Croatia,...,,,...,,,...,,,...,,,...,,,...,,,...,,,...,,,...,,,...,,
Cuba,<100 ,<100 , <100,<100 ,<100 , <100,<100 ,<100 , <100,<100 ,<100 , <100,<100 ,<100 , <100,<100 ,<100 , <100,<100 ,<100 , <100,<100 ,<100 , <100,<100 ,<100 , <200,<100 ,<100 , <200
Cyprus,...,,,...,,,...,,,...,,,...,,,...,,,...,,,...,,,...,,,...,,
Czechia,...,,,...,,,...,,,...,,,...,,,...,,,...,,,...,,,...,,,...,,
CÃ´te d'Ivoire,2000 ,1500 , 2600,1900 ,1300 , 2300,2300 ,1700 , 3000,2900 ,1900 , 3700,3200 ,2100 , 4000,3100 ,2000 , 4200,3300 ,2000 , 4600,3500 ,2100 , 4900,3400 ,1900 , 4900,3800 ,1700 , 5900
Democratic People's Republic of Korea,... ,... , ...,... ,... , ...,... ,... , ...,... ,... , ...,... ,... , ...,... ,... , ...,... ,... , ...,... ,... , ...,... ,... , ...,... ,... , ...
Democratic Republic of the Congo,<500 ,<500 , <1000,<1000 ,<500 , <1000,<1000 ,<1000 , <1000,1500 ,1100 , 1900,2100 ,1500 , 2700,2800 ,1900 , 3800,3400 ,2200 , 4600,3000 ,1900 , 4000,2400 ,1600 , 3300,3000 ,1900 , 4300
Denmark,... ,... , ...,... ,... , ...,... ,... , ...,... ,... , ...,... ,... , ...,... ,... , ...,... ,... , ...,... ,... , ...,...,,,...,,
Djibouti,<100 ,<100 , <100,<100 ,<100 , <100,<100 ,<100 , <100,<100 ,<100 , <100,<100 ,<100 , <100,<100 ,<100 , <100,<100 ,<100 , <100,<100 ,<100 , <100,<100 ,<100 , <100,<100 ,<100 , <100
Dominican Republic,<200 ,<200 , <500,<500 ,<200 , <500,<500 ,<200 , <500,<500 ,<200 , <500,<500 ,<200 , <500,<500 ,<200 , <500,<500 ,<200 , <500,<200 ,<200 , <500,<200 ,<200 , <500,<200 ,<100 , <500
Ecuador,<100 ,<100 , <100,<100 ,<100 , <200,<100 ,<100 , <200,<100 ,<100 , <200,<100 ,<100 , <200,<100 ,<100 , <200,<100 ,<100 , <200,<100 ,<100 , <200,<100 ,<100 , <200,<200 ,<100 , <500
Egypt,<100 ,<100 , <100,<100 ,<100 , <100,<100 ,<100 , <100,<100 ,<100 , <100,<100 ,<100 , <100,<100 ,<100 , <100,<100 ,<100 , <100,<100 ,<100 , <100,<100 ,<100 , <100,<100 ,<100 , <100
El Salvador,<100 ,<100 , <100,<100 ,<100 , <100,<100 ,<100 , <100,<100 ,<100 , <100,<100 ,<100 , <100,<100 ,<100 , <100,<100 ,<100 , <100,<100 ,<100 , <100,<100 ,<100 , <100,<100 ,<100 , <100
Equatorial Guinea,<100 ,<100 , <100,<100 ,<100 , <100,<100 ,<100 , <100,<200 ,<200 , <500,<500 ,<200 , <500,<200 ,<200 , <500,<500 ,<200 , <500,<500 ,<200 , <500,<500 ,<200 , <500,<500 ,<200 , <500
Eritrea,<100 ,<100 , <100,<100 ,<100 , <100,<100 ,<100 , <200,<100 ,<100 , <200,<100 ,<100 , <200,<100 ,<100 , <200,<100 ,<100 , <100,<100 ,<100 , <100,<100 ,<100 , <100,<100 ,<100 , <100
Estonia,... ,... , ...,... ,... , ...,... ,... , ...,... ,... , ...,... ,... , ...,... ,... , ...,... ,... , ...,... ,... , ...,... ,... , ...,... ,... , ...
Eswatini,1700 ,1200 , 2000,1600 ,1300 , 1900,1500 ,1200 , 1900,1600 ,1300 , 2000,1500 ,1100 , 1900,1800 ,1300 , 2500,1800 ,1300 , 2500,1600 ,<1000 , 2200,1900 ,1400 , 3000,1800 ,1500 , 2600
Ethiopia,1700,,,2400,,,3600,,,4100,,,4000,,,4200,,,3700,,,3400,,,4000,,,3200,,
Fiji,... ,... , ...,... ,... , ...,... ,... , ...,... ,... , ...,... ,... , ...,... ,... , ...,... ,... , ...,... ,... , ...,... ,... , ...,... ,... , ...
Finland,... ,... , ...,... ,... , ...,... ,... , ...,... ,... , ...,... ,... , ...,... ,... , ...,... ,... , ...,...,,,...,,,...,,
France,<200 ,<200 , <200,<200 ,<200 , <200,<200 ,<200 , <200,<200 ,<200 , <200,<200 ,<200 , <200,<200 ,<200 , <200,<200 ,<200 , <200,... ,... , ...,... ,... , ...,... ,... , ...
Gabon,<200 ,<100 , <200,<200 ,<100 , <500,<200 ,<200 , <500,<500 ,<200 , <500,<500 ,<200 , <500,<500 ,<200 , <500,<500 ,<200 , <1000,<500 ,<200 , <500,<500 ,<200 , <1000,<500 ,<200 , <1000
Gambia,<200 ,<100 , <500,<200 ,<100 , <500,<200 ,<200 , <500,<200 ,<100 , <200,<200 ,<100 , <200,<200 ,<100 , <500,<200 ,<100 , <500,<200 ,<100 , <500,<200 ,<100 , <500,<200 ,<100 , <200
Georgia,... ,... , ...,... ,... , ...,... ,... , ...,... ,... , ...,... ,... , ...,... ,... , ...,... ,... , ...,... ,... , ...,... ,... , ...,... ,... , ...
Germany,... ,... , ...,... ,... , ...,... ,... , ...,... ,... , ...,... ,... , ...,... ,... , ...,... ,... , ...,... ,... , ...,... ,... , ...,... ,... , ...
Ghana,1400 ,<1000 , 1900,1500 ,<1000 , 2100,1600 ,<1000 , 2400,1300 ,<1000 , 1900,1500 ,<1000 , 2300,1500 ,<1000 , 2200,2000 ,<1000 , 3400,2300 ,<1000 , 3800,2400 ,1100 , 4600,2500 ,1100 , 4700
Greece,... ,... , ...,... ,... , ...,... ,... , ...,... ,... , ...,... ,... , ...,... ,... , ...,... ,... , ...,... ,... , ...,... ,... , ...,... ,... , ...
Guatemala,<100 ,<100 , <200,<200 ,<100 , <200,<100 ,<100 , <200,<200 ,<100 , <200,<200 ,<100 , <500,<100 ,<100 , <200,<200 ,<100 , <200,<100 ,<100 , <200,<200 ,<100 , <200,<200 ,<100 , <200
Guinea,<500 ,<200 , <500,<500 ,<500 , <500,<500 ,<500 , <500,1000 ,<1000 , 1500,1000 ,<1000 , 1300,<500 ,<500 , <500,<1000 ,<500 , <1000,<500 ,<500 , <1000,<1000 ,<500 , 1000,<1000 ,<1000 , 1300
Guinea-Bissau,<100 ,<100 , <100,<100 ,<100 , <100,<200 ,<100 , <200,<200 ,<200 , <500,<500 ,<500 , <500,<500 ,<200 , <500,<500 ,<200 , <500,<500 ,<200 , <500,<200 ,<200 , <500,<500 ,<200 , <500
Guyana,<100 ,<100 , <100,<100 ,<100 , <100,<100 ,<100 , <100,<100 ,<100 , <100,<100 ,<100 , <100,<100 ,<100 , <100,<100 ,<100 , <100,<100 ,<100 , <100,<100 ,<100 , <100,<100 ,<100 , <100
Haiti,<500 ,<500 , <1000,<1000 ,<500 , <1000,<1000 ,<1000 , 1300,1000 ,<1000 , 1500,<1000 ,<1000 , 1200,<1000 ,<1000 , 1300,<1000 ,<1000 , 1200,<1000 ,<1000 , 1200,<1000 ,<1000 , 1500,<1000 ,<1000 , 1500
Honduras,<100 ,<100 , <100,<100 ,<100 , <100,<100 ,<100 , <100,<100 ,<100 , <100,<100 ,<100 , <100,<100 ,<100 , <100,<100 ,<100 , <100,<100 ,<100 , <100,<100 ,<100 , <100,<100 ,<100 , <100
Hungary,...,,,...,,,...,,,...,,,...,,,...,,,...,,,...,,,...,,,...,,
Iceland,...,,,...,,,...,,,...,,,...,,,...,,,...,,,...,,,...,,,...,,
India,... ,... , ...,... ,... , ...,... ,... , ...,... ,... , ...,... ,... , ...,... ,... , ...,... ,... , ...,... ,... , ...,... ,... , ...,... ,... , ...
Indonesia,... ,... , ...,... ,... , ...,... ,... , ...,... ,... , ...,... ,... , ...,... ,... , ...,... ,... , ...,... ,... , ...,... ,... , ...,... ,... , ...
Iran (Islamic Republic of),<100 ,<100 , <100,<100 ,<100 , <100,<100 ,<100 , <100,<100 ,<100 , <100,<100 ,<100 , <100,<100 ,<100 , <200,<100 ,<100 , <200,<100 ,<100 , <500,<100 ,<100 , <500,<100 ,<100 , <500
Ireland,... ,... , ...,... ,... , ...,... ,... , ...,... ,... , ...,... ,... , ...,... ,... , ...,... ,... , ...,... ,... , ...,... ,... , ...,... ,... , ...
Israel,... ,... , ...,... ,... , ...,... ,... , ...,... ,... , ...,... ,... , ...,... ,... , ...,... ,... , ...,... ,... , ...,... ,... , ...,... ,... , ...
Italy,<100 ,<100 , <200,<100 ,<100 , <200,<100 ,<100 , <200,<100 ,<100 , <200,<100 ,<100 , <200,<100 ,<100 , <200,<100 ,<100 , <200,<100 ,<100 , <200,<100 ,<100 , <100,<100 ,<100 , <200
Jamaica,<100 ,<100 , <200,<100 ,<100 , <100,<100 ,<100 , <100,<100 ,<100 , <100,<100 ,<100 , <200,<100 ,<100 , <200,<100 ,<100 , <200,<100 ,<100 , <200,<100 ,<100 , <200,<100 ,<100 , <200
Japan,... ,... , ...,... ,... , ...,... ,... , ...,... ,... , ...,... ,... , ...,... ,... , ...,... ,... , ...,... ,... , ...,... ,... , ...,... ,... , ...
Jordan,... ,... , ...,...,,,... ,... , ...,... ,... , ...,... ,... , ...,... ,... , ...,...,,,...,,,... ,... , ...,...,,
Kazakhstan,<100 ,<100 , <100,<100 ,<100 , <100,<100 ,<100 , <100,<100 ,<100 , <100,<100 ,<100 , <100,<100 ,<100 , <100,<100 ,<100 , <100,<100 ,<100 , <100,<100 ,<100 , <100,<100 ,<100 , <100
Kenya,11 000 ,6500 , 18 000,13 000 ,7800 , 22 000,10 000 ,6000 , 17 000,10 000 ,6000 , 16 000,11 000 ,6500 , 18 000,12 000 ,7500 , 21 000,12 000 ,7300 , 20 000,11 000 ,6400 , 18 000,11 000 ,6800 , 19 000,12 000 ,7200 , 20 000
Kuwait,... ,... , ...,... ,... , ...,... ,... , ...,... ,... , ...,... ,... , ...,... ,... , ...,... ,... , ...,... ,... , ...,... ,... , ...,... ,... , ...
Kyrgyzstan,<100 ,<100 , <100,<100 ,<100 , <100,<100 ,<100 , <100,<100 ,<100 , <100,<100 ,<100 , <100,<100 ,<100 , <100,<100 ,<100 , <100,<100 ,<100 , <100,<100 ,<100 , <100,<100 ,<100 , <100
Lao People's Democratic Republic,<100 ,<100 , <100,<100 ,<100 , <100,<100 ,<100 , <100,<100 ,<100 , <100,<100 ,<100 , <100,<100 ,<100 , <100,<100 ,<100 , <100,<100 ,<100 , <100,<100 ,<100 , <100,<100 ,<100 , <100
Latvia,... ,... , ...,... ,... , ...,... ,... , ...,... ,... , ...,... ,... , ...,... ,... , ...,... ,... , ...,... ,... , ...,... ,... , ...,... ,... , ...
Lebanon,... ,... , ...,... ,... , ...,... ,... , ...,... ,... , ...,... ,... , ...,... ,... , ...,... ,... , ...,... ,... , ...,... ,... , ...,... ,... , ...
Lesotho,1200 ,<1000 , 1400,1700 ,1200 , 2000,1500 ,1100 , 1800,1700 ,1100 , 2200,1900 ,1300 , 2500,2000 ,1200 , 2800,1900 ,<1000 , 2500,1700 ,<1000 , 2200,1700 ,<1000 , 2300,1600 ,<1000 , 2200
Liberia,<200 ,<100 , <200,<200 ,<200 , <500,<500 ,<200 , <500,<200 ,<200 , <500,<200 ,<200 , <500,<500 ,<200 , <500,<500 ,<500 , <1000,<500 ,<500 , <1000,<500 ,<500 , <1000,<500 ,<500 , <1000
Libya,<100 ,<100 , <100,<100 ,<100 , <100,<100 ,<100 , <100,<100 ,<100 , <100,<100 ,<100 , <100,<100 ,<100 , <100,<100 ,<100 , <100,<100 ,<100 , <100,<100 ,<100 , <100,<100 ,<100 , <100
Lithuania,... ,... , ...,... ,... , ...,... ,... , ...,... ,... , ...,... ,... , ...,... ,... , ...,... ,... , ...,... ,... , ...,... ,... , ...,... ,... , ...
Luxembourg,...,,,...,,,...,,,...,,,...,,,...,,,...,,,...,,,...,,,...,,
Madagascar,<100 ,<100 , <100,<100 ,<100 , <100,<100 ,<100 , <100,<100 ,<100 , <100,<100 ,<100 , <100,<100 ,<100 , <100,<100 ,<100 , <100,<100 ,<100 , <100,<100 ,<100 , <100,<100 ,<100 , <100
Malawi,3500 ,2700 , 4200,6600 ,4300 , 8000,8500 ,5100 , 11 000,8000 ,4300 , 11 000,8500 ,4600 , 12 000,8900 ,5300 , 12 000,9300 ,6200 , 14 000,9700 ,7800 , 15 000,9500 ,8000 , 14 000,9300 ,7500 , 15 000
Malaysia,<100 ,<100 , <100,<100 ,<100 , <100,<100 ,<100 , <100,<100 ,<100 , <100,<100 ,<100 , <100,<100 ,<100 , <100,<100 ,<100 , <100,<100 ,<100 , <100,<100 ,<100 , <100,<100 ,<100 , <100
Maldives,...,,,...,,,...,,,...,,,...,,,...,,,...,,,...,,,...,,,...,,
Mali,... ,... , ...,... ,... , ...,... ,... , ...,... ,... , ...,... ,... , ...,... ,... , ...,... ,... , ...,... ,... , ...,... ,... , ...,... ,... , ...
Malta,...,,,...,,,...,,,...,,,...,,,...,,,...,,,...,,,...,,,...,,
Mauritania,... ,... , ...,... ,... , ...,... ,... , ...,... ,... , ...,... ,... , ...,... ,... , ...,... ,... , ...,... ,... , ...,... ,... , ...,... ,... , ...
Mauritius,<100 ,<100 , <100,<100 ,<100 , <100,<100 ,<100 , <100,<100 ,<100 , <100,<100 ,<100 , <100,<100 ,<100 , <100,<100 ,<100 , <100,<100 ,<100 , <100,<100 ,<100 , <100,<100 ,<100 , <100
Mexico,... ,... , ...,... ,... , ...,... ,... , ...,... ,... , ...,... ,... , ...,... ,... , ...,... ,... , ...,... ,... , ...,... ,... , ...,... ,... , ...
Mongolia,... ,... , ...,... ,... , ...,... ,... , ...,... ,... , ...,... ,... , ...,... ,... , ...,...,,,... ,... , ...,... ,... , ...,... ,... , ...
Montenegro,...,,,...,,,...,,,...,,,...,,,...,,,...,,,...,,,...,,,...,,
Morocco,<100 ,<100 , <100,<100 ,<100 , <100,<100 ,<100 , <100,<100 ,<100 , <100,<100 ,<100 , <100,<100 ,<100 , <100,<100 ,<100 , <100,<100 ,<100 , <100,<100 ,<100 , <100,<100 ,<100 , <100
Mozambique,5500 ,3400 , 9600,11 000 ,6900 , 19 000,16 000 ,9900 , 28 000,17 000 ,10 000 , 29 000,18 000 ,11 000 , 31 000,18 000 ,11 000 , 31 000,17 000 ,10 000 , 30 000,18 000 ,11 000 , 32 000,18 000 ,11 000 , 32 000,18 000 ,11 000 , 32 000
Myanmar,<500 ,<500 , <1000,<1000 ,<500 , <1000,<500 ,<500 , <500,<500 ,<500 , <1000,<1000 ,<500 , <1000,<1000 ,<1000 , <1000,<1000 ,<1000 , <1000,<1000 ,<1000 , <1000,<1000 ,<1000 , <1000,<1000 ,<1000 , 1000
Namibia,1500 ,1100 , 1900,1300 ,<1000 , 1500,1100 ,<1000 , 1300,1400 ,<1000 , 1700,2000 ,1100 , 2700,2200 ,1300 , 3200,2200 ,1500 , 3300,2200 ,1800 , 3700,2200 ,1800 , 3700,2100 ,1800 , 3400
Nepal,<100 ,<100 , <100,<100 ,<100 , <100,<100 ,<100 , <100,<100 ,<100 , <100,<100 ,<100 , <100,<100 ,<100 , <100,<100 ,<100 , <100,<100 ,<100 , <100,<100 ,<100 , <100,<100 ,<100 , <100
Netherlands,<100 ,<100 , <100,<100 ,<100 , <100,<100 ,<100 , <100,<100 ,<100 , <100,<100 ,<100 , <100,<100 ,<100 , <100,<100 ,<100 , <100,<100 ,<100 , <100,<100 ,<100 , <100,<100 ,<100 , <100
New Zealand,...,,,...,,,...,,,...,,,... ,... , ...,... ,... , ...,...,,,... ,... , ...,... ,... , ...,...,,
Nicaragua,<100 ,<100 , <100,<100 ,<100 , <100,<100 ,<100 , <100,<100 ,<100 , <100,<100 ,<100 , <100,<100 ,<100 , <100,<100 ,<100 , <100,<100 ,<100 , <100,<100 ,<100 , <100,<100 ,<100 , <100
Niger,<1000 ,<500 , <1000,<500 ,<500 , <1000,<500 ,<500 , <500,<500 ,<500 , <500,<500 ,<500 , <1000,<500 ,<500 , <500,<500 ,<500 , <1000,<500 ,<200 , <500,<200 ,<200 , <500,<200 ,<200 , <500
Nigeria,4300 ,2400 , 7300,5500 ,3100 , 9300,6400 ,3600 , 11 000,8800 ,4900 , 15 000,10 000 ,5800 , 17 000,10 000 ,5500 , 17 000,10 000 ,5800 , 17 000,8700 ,4800 , 15 000,7500 ,4200 , 13 000,7500 ,4200 , 13 000
North Macedonia,...,,,...,,,...,,,...,,,...,,,...,,,...,,,...,,,...,,,...,,
Norway,... ,... , ...,... ,... , ...,... ,... , ...,... ,... , ...,... ,... , ...,... ,... , ...,... ,... , ...,... ,... , ...,...,,,...,,
Oman,... ,... , ...,... ,... , ...,... ,... , ...,... ,... , ...,... ,... , ...,... ,... , ...,... ,... , ...,... ,... , ...,... ,... , ...,... ,... , ...
Pakistan,<100 ,<100 , <100,<100 ,<100 , <100,<100 ,<100 , <100,<100 ,<100 , <100,<100 ,<100 , <100,<100 ,<100 , <100,<100 ,<100 , <100,<100 ,<100 , <100,<100 ,<100 , <100,<100 ,<100 , <100
Panama,... ,... , ...,... ,... , ...,... ,... , ...,... ,... , ...,... ,... , ...,... ,... , ...,... ,... , ...,... ,... , ...,... ,... , ...,... ,... , ...
Papua New Guinea,<100 ,<100 , <100,<100 ,<100 , <100,<100 ,<100 , <100,<100 ,<100 , <200,<200 ,<100 , <200,<200 ,<100 , <200,<200 ,<100 , <200,<200 ,<200 , <500,<500 ,<200 , <500,<500 ,<200 , <500
Paraguay,<100 ,<100 , <100,<100 ,<100 , <100,<100 ,<100 , <100,<100 ,<100 , <100,<100 ,<100 , <100,<100 ,<100 , <100,<100 ,<100 , <100,<100 ,<100 , <100,<100 ,<100 , <100,<100 ,<100 , <100
Peru,<200 ,<200 , <200,<100 ,<100 , <200,<200 ,<100 , <200,<200 ,<100 , <200,<200 ,<200 , <200,<200 ,<200 , <200,<200 ,<200 , <500,<200 ,<200 , <500,<500 ,<200 , <500,<500 ,<200 , <500
Philippines,<100 ,<100 , <100,<100 ,<100 , <100,<100 ,<100 , <100,<100 ,<100 , <100,<100 ,<100 , <100,<100 ,<100 , <100,<100 ,<100 , <100,<100 ,<100 , <100,<100 ,<100 , <100,<100 ,<100 , <100
Poland,... ,... , ...,... ,... , ...,... ,... , ...,... ,... , ...,... ,... , ...,... ,... , ...,... ,... , ...,... ,... , ...,... ,... , ...,... ,... , ...
Portugal,... ,... , ...,... ,... , ...,... ,... , ...,... ,... , ...,... ,... , ...,... ,... , ...,... ,... , ...,... ,... , ...,... ,... , ...,... ,... , ...
Qatar,...,,,...,,,...,,,...,,,...,,,...,,,...,,,... ,... , ...,... ,... , ...,... ,... , ...
Republic of Korea,...,,,... ,... , ...,... ,... , ...,... ,... , ...,... ,... , ...,... ,... , ...,... ,... , ...,... ,... , ...,... ,... , ...,... ,... , ...
Republic of Moldova,<100 ,<100 , <100,<100 ,<100 , <100,<100 ,<100 , <100,<100 ,<100 , <100,<100 ,<100 , <100,<100 ,<100 , <100,<100 ,<100 , <100,<100 ,<100 , <100,<100 ,<100 , <100,<100 ,<100 , <100
Romania,<100 ,<100 , <100,<100 ,<100 , <100,<100 ,<100 , <100,<100 ,<100 , <100,<100 ,<100 , <100,<100 ,<100 , <100,<100 ,<100 , <100,<100 ,<100 , <100,<100 ,<100 , <100,<100 ,<100 , <100
Russian Federation,... ,... , ...,... ,... , ...,... ,... , ...,... ,... , ...,... ,... , ...,... ,... , ...,... ,... , ...,... ,... , ...,... ,... , ...,... ,... , ...
Rwanda,1400 ,<1000 , 1700,2200 ,1800 , 2900,2000 ,1400 , 2800,2200 ,1400 , 3100,2300 ,1700 , 3400,2300 ,1900 , 3300,2000 ,1300 , 3000,1800 ,1100 , 2700,1700 ,1000 , 2700,1900 ,1300 , 3100
Saudi Arabia,... ,... , ...,... ,... , ...,... ,... , ...,... ,... , ...,... ,... , ...,... ,... , ...,... ,... , ...,... ,... , ...,... ,... , ...,... ,... , ...
Senegal,<200 ,<100 , <200,<200 ,<200 , <200,<200 ,<200 , <500,<500 ,<500 , <500,<500 ,<200 , <500,<500 ,<500 , <500,<500 ,<500 , <500,<500 ,<500 , <500,<500 ,<500 , <500,<500 ,<500 , <500
Serbia,... ,... , ...,... ,... , ...,... ,... , ...,... ,... , ...,...,,,...,,,...,,,...,,,...,,,...,,
Sierra Leone,<500 ,<200 , <500,<500 ,<500 , <500,<500 ,<500 , <1000,<500 ,<500 , <1000,<500 ,<500 , <1000,<1000 ,<500 , <1000,<1000 ,<500 , <1000,<1000 ,<500 , <1000,<1000 ,<500 , 1100,<1000 ,<500 , 1000
Singapore,... ,... , ...,...,,,...,,,...,,,...,,,...,,,...,,,...,,,...,,,...,,
Slovakia,...,,,...,,,...,,,...,,,...,,,...,,,...,,,...,,,...,,,...,,
Slovenia,...,,,...,,,...,,,...,,,...,,,...,,,...,,,...,,,...,,,...,,
Somalia,<100 ,<100 , <100,<100 ,<100 , <100,<100 ,<100 , <100,<100 ,<100 , <100,<100 ,<100 , <100,<100 ,<100 , <100,<100 ,<100 , <100,<100 ,<100 , <100,<100 ,<100 , <100,<100 ,<100 , <100
South Africa,34 000 ,26 000 , 45 000,45 000 ,34 000 , 56 000,47 000 ,35 000 , 59 000,53 000 ,40 000 , 62 000,55 000 ,41 000 , 66 000,61 000 ,48 000 , 73 000,62 000 ,48 000 , 82 000,62 000 ,47 000 , 110 000,64 000 ,50 000 , 120 000,65 000 ,51 000 , 130 000
South Sudan,<200 ,<100 , <200,<200 ,<200 , <500,<500 ,<200 , <500,<500 ,<500 , <500,<500 ,<500 , <500,<1000 ,<1000 , 1100,<1000 ,<500 , <1000,1100 ,<1000 , 1600,1100 ,<1000 , 1700,<1000 ,<1000 , 1200
Spain,<100 ,<100 , <100,<100 ,<100 , <100,<100 ,<100 , <100,<100 ,<100 , <100,<100 ,<100 , <100,<100 ,<100 , <100,<100 ,<100 , <100,<100 ,<100 , <100,<100 ,<100 , <100,<100 ,<100 , <100
Sri Lanka,... ,... , ...,... ,... , ...,... ,... , ...,... ,... , ...,... ,... , ...,... ,... , ...,... ,... , ...,... ,... , ...,... ,... , ...,... ,... , ...
Sudan,<100 ,<100 , <100,<100 ,<100 , <100,<100 ,<100 , <100,<100 ,<100 , <100,<100 ,<100 , <100,<100 ,<100 , <100,<100 ,<100 , <100,<100 ,<100 , <100,<100 ,<100 , <100,<100 ,<100 , <100
Suriname,<100 ,<100 , <100,<100 ,<100 , <100,<100 ,<100 , <100,<100 ,<100 , <100,<100 ,<100 , <100,<100 ,<100 , <100,<100 ,<100 , <100,<100 ,<100 , <100,<100 ,<100 , <100,<100 ,<100 , <100
Sweden,... ,... , ...,... ,... , ...,... ,... , ...,... ,... , ...,... ,... , ...,... ,... , ...,... ,... , ...,... ,... , ...,... ,... , ...,... ,... , ...
Switzerland,... ,... , ...,... ,... , ...,... ,... , ...,... ,... , ...,... ,... , ...,... ,... , ...,... ,... , ...,... ,... , ...,... ,... , ...,... ,... , ...
Syrian Arab Republic,... ,... , ...,... ,... , ...,... ,... , ...,... ,... , ...,... ,... , ...,... ,... , ...,... ,... , ...,... ,... , ...,... ,... , ...,... ,... , ...
Tajikistan,<100 ,<100 , <100,<100 ,<100 , <100,<100 ,<100 , <100,<100 ,<100 , <100,<100 ,<100 , <100,<100 ,<100 , <100,<100 ,<100 , <100,<100 ,<100 , <100,<100 ,<100 , <100,<100 ,<100 , <100
Thailand,1600 ,1300 , 1900,1500 ,1300 , 1800,1500 ,1200 , 1700,1400 ,1200 , 1600,1300 ,1100 , 1400,<1000 ,<1000 , 1100,<1000 ,<1000 , 1000,<1000 ,<1000 , <1000,<1000 ,<1000 , <1000,<1000 ,<1000 , <1000
Timor-Leste,... ,... , ...,... ,... , ...,... ,... , ...,... ,... , ...,... ,... , ...,... ,... , ...,... ,... , ...,... ,... , ...,... ,... , ...,... ,... , ...
Togo,<500 ,<500 , <1000,<1000 ,<500 , <1000,<1000 ,<1000 , 1000,<1000 ,<500 , 1000,<1000 ,<1000 , 1100,<1000 ,<1000 , 1400,<1000 ,<1000 , 1500,<1000 ,<500 , 1100,<1000 ,<500 , 1400,<1000 ,<500 , 1400
Trinidad and Tobago,... ,... , ...,... ,... , ...,... ,... , ...,... ,... , ...,... ,... , ...,... ,... , ...,... ,... , ...,... ,... , ...,... ,... , ...,... ,... , ...
Tunisia,<100 ,<100 , <100,<100 ,<100 , <100,<100 ,<100 , <100,<100 ,<100 , <100,<100 ,<100 , <100,<100 ,<100 , <100,<100 ,<100 , <100,<100 ,<100 , <100,<100 ,<100 , <100,<100 ,<100 , <100
Turkey,... ,... , ...,... ,... , ...,... ,... , ...,... ,... , ...,... ,... , ...,... ,... , ...,... ,... , ...,... ,... , ...,... ,... , ...,... ,... , ...
Turkmenistan,... ,... , ...,... ,... , ...,... ,... , ...,... ,... , ...,... ,... , ...,... ,... , ...,... ,... , ...,... ,... , ...,... ,... , ...,... ,... , ...
Uganda,8200 ,6900 , 9400,9800 ,7800 , 11 000,17 000 ,15 000 , 21 000,16 000 ,14 000 , 19 000,17 000 ,15 000 , 19 000,17 000 ,15 000 , 20 000,17 000 ,15 000 , 20 000,17 000 ,14 000 , 22 000,18 000 ,15 000 , 26 000,17 000 ,14 000 , 25 000
Ukraine,<500 ,<200 , <500,<500 ,<200 , <500,<500 ,<200 , <500,<500 ,<200 , <500,<500 ,<500 , <500,<500 ,<500 , <500,<500 ,<500 , <500,<500 ,<500 , <500,<1000 ,<500 , <1000,<1000 ,<500 , <1000
United Arab Emirates,... ,... , ...,... ,... , ...,... ,... , ...,... ,... , ...,... ,... , ...,... ,... , ...,... ,... , ...,... ,... , ...,... ,... , ...,... ,... , ...
United Kingdom,... ,... , ...,... ,... , ...,... ,... , ...,... ,... , ...,... ,... , ...,... ,... , ...,... ,... , ...,... ,... , ...,... ,... , ...,... ,... , ...
United Republic of Tanzania,12 000 ,10 000 , 15 000,14 000 ,12 000 , 17 000,15 000 ,13 000 , 19 000,14 000 ,12 000 , 20 000,13 000 ,10 000 , 18 000,12 000 ,8600 , 16 000,12 000 ,8000 , 16 000,13 000 ,9700 , 18 000,14 000 ,10 000 , 19 000,13 000 ,9000 , 18 000
United States,... ,... , ...,... ,... , ...,... ,... , ...,... ,... , ...,... ,... , ...,... ,... , ...,... ,... , ...,... ,... , ...,... ,... , ...,... ,... , ...
Uruguay,... ,... , ...,... ,... , ...,... ,... , ...,... ,... , ...,... ,... , ...,... ,... , ...,... ,... , ...,... ,... , ...,... ,... , ...,... ,... , ...
Uzbekistan,<100 ,<100 , <100,<100 ,<100 , <100,<100 ,<100 , <100,<100 ,<100 , <100,<100 ,<100 , <100,<100 ,<100 , <100,<100 ,<100 , <100,<100 ,<100 , <100,<100 ,<100 , <200,<200 ,<200 , <200
Venezuela (Bolivarian Republic of),<100 ,<100 , <100,<100 ,<100 , <100,<100 ,<100 , <100,<100 ,<100 , <200,<200 ,<100 , <200,<200 ,<100 , <200,<200 ,<100 , <200,<100 ,<100 , <200,<100 ,<100 , <200,<100 ,<100 , <100
Viet Nam,<500 ,<500 , <1000,<500 ,<500 , <500,<500 ,<500 , <500,<500 ,<500 , <500,<500 ,<500 , <500,<500 ,<500 , <500,<500 ,<500 , <1000,<500 ,<500 , <1000,<500 ,<500 , <1000,<500 ,<500 , <1000
Yemen,<100 ,<100 , <100,<100 ,<100 , <100,<100 ,<100 , <100,<100 ,<100 , <100,<100 ,<100 , <100,<100 ,<100 , <100,<100 ,<100 , <100,<100 ,<100 , <100,<100 ,<100 , <100,<100 ,<100 , <100
Zambia,7000 ,5000 , 9100,7100 ,5100 , 9200,7200 ,5200 , 9300,7500 ,5400 , 9700,8000 ,5800 , 10 000,8100 ,5800 , 11 000,8200 ,5900 , 11 000,9600 ,6900 , 12 000,9400 ,6700 , 12 000,9100 ,6500 , 12 000
Zimbabwe,5600 ,29 000 , 29 000,7800 ,41 000 , 41 000,11 000 ,100 000 , 100 000,11 000 ,92 000 , 92 000,11 000 ,120 000 , 120 000,11 000 ,120 000 , 120 000,11 000 ,120 000 , 120 000,11 000 ,110 000 , 110 000,11 000 ,110 000 , 110 000,11 000 ,110 000 , 110 000
Global,120 000 ,79 000,200 000,160 000 ,98 000,250 000,180 000 ,110 000,280 000,190 000 ,120 000,300 000,200 000 ,130 000,320 000,210 000 ,130 000,330 000,210 000 ,130 000,340 000,210 000 ,130 000,340 000,220 000 ,140 000,340 000,220 000 ,140 000,340 000